horizon,score_cut,flow_votes,market_align,W0_trades,W0_net,W1_trades,W1_net,W2_trades,W2_net,W3_trades,W3_net,W4_trades,W4_net,positive_windows,usable_windows,pre_trades,pre_net,pre_mean,pre_wr,pre_pos_days,pre_days,pre_no_best_day,pre_no_best_ticker,sep_trades,sep_net,sep_mean,sep_wr,sep_pos_days,sep_days,sep_no_best_day,sep_no_best_ticker,fresh_trades,fresh_net,fresh_mean,fresh_wr,fresh_pos_days,fresh_days,fresh_no_best_day,fresh_no_best_ticker
30,1.3,1,False,514,-7793.351098589175,489,-5577.1529057819025,593,-9378.519104188457,639,-11798.52811914056,599,-8300.400201636998,0,5,2834,-42847.951429337096,-15.119248916491566,32.21594918842625,0,25,-42061.93619153793,-42898.73459741533,280,-3775.695625150614,-13.484627232680765,28.92857142857143,0,4,-3630.8157170229297,-3761.55497262327,185,-4097.191338264709,-22.146980206836265,24.864864864864867,0,3,-4086.1167783713954,-4074.4322694794046
30,1.3,1,True,495,-7889.011834713637,469,-6089.355761417266,567,-9119.23081406453,621,-10969.752197793441,577,-7170.699506543697,0,5,2729,-41238.05011453257,-15.111048044900171,32.063026749725175,0,25,-40542.09183022729,-41199.27052442278,265,-3782.6575055431877,-14.274179266200708,28.67924528301887,0,4,-3669.435623392274,-3791.6357010756687,181,-3947.4676943457443,-21.809213780915716,25.41436464088398,0,3,-3936.393134452431,-3924.70862556044
30,1.3,2,False,505,-7668.1017549000935,484,-5506.058990196306,581,-8947.550695775753,627,-11332.436760997276,587,-7944.1540731201685,0,5,2784,-41398.302274989604,-14.870079840154313,32.543103448275865,0,25,-40774.21562832475,-41449.08544306784,272,-3573.7398579413157,-13.138749477725426,29.77941176470588,0,4,-3438.8599858141793,-3560.6661824397274,179,-3883.0837434685054,-21.693205270773774,25.69832402234637,0,3,-3872.009183575192,-3932.157182395799
30,1.3,2,True,485,-7758.485862355014,463,-5955.160779667789,554,-8599.893843208738,610,-10447.901633394205,566,-6991.875375366288,0,5,2678,-39753.317493992035,-14.844405337562373,32.44958924570575,0,25,-39216.01380122384,-39714.53790388225,257,-3592.106630141619,-13.977068599772837,29.571984435797667,0,4,-3488.8847839912532,-3574.844108508609,175,-3705.9183208240283,-21.176676118994447,26.285714285714285,0,3,-3694.843760930715,-3754.9917597513218
30,1.3,3,False,446,-6281.259628567333,400,-4603.737516484638,504,-7196.799442149566,543,-8833.494890377357,515,-5242.92613941896,0,5,2408,-32158.217616997852,-13.35474153529811,34.053156146179404,0,25,-31890.19130065351,-32291.139435971374,231,-3171.6830673274094,-13.730229728690084,29.87012987012987,0,4,-2978.6100988136463,-3169.1591121285687,153,-3957.1422862296713,-25.863675073396543,21.568627450980394,0,3,-3946.0677263363577,-3938.76853490075
30,1.3,3,True,425,-6023.553690176865,384,-4601.291538161249,479,-6958.126081421598,529,-7573.062111771678,491,-4645.342332028673,0,5,2308,-29801.375753560063,-12.912207865493961,34.1421143847487,0,25,-29553.116998620066,-29934.297572533585,215,-2985.212338616824,-13.884708551706158,30.697674418604652,0,4,-2823.7973960798317,-2982.4965525253697,149,-3834.7250675797104,-25.736409849528258,22.14765100671141,0,3,-3823.650507686397,-3811.435944443853
30,1.5,1,False,412,-6274.452098853397,372,-4501.509860392018,463,-7272.286626819876,522,-9441.199097979495,484,-5933.301171337313,0,5,2253,-33422.7488553821,-14.834775346374657,32.445628051486906,0,25,-32976.34596474543,-33545.60979047047,206,-3045.761233666317,-14.785248707118043,27.184466019417474,0,4,-3008.7622432569688,-3098.9243670096907,147,-3266.96823144086,-22.224273683271157,25.850340136054424,0,3,-3255.8936715475465,-3344.6685420142785
30,1.5,1,True,401,-6395.250926486122,349,-4480.150238735981,441,-7032.388255309794,508,-9381.054483710064,468,-5308.449984739458,0,5,2167,-32597.293888981418,-15.042590627125712,32.256575911398244,0,25,-32276.482167386705,-32575.486396596018,193,-2852.90452192019,-14.781888714612382,27.461139896373055,0,4,-2847.5635574876123,-2894.698779549907,143,-3060.256310133088,-21.400393777154463,26.573426573426573,0,3,-3049.1817502397744,-3137.9566207065063
30,1.5,2,False,404,-6402.654312823612,367,-4292.965162460522,457,-6742.938817298816,517,-9159.721832611112,475,-5416.650375075827,0,5,2220,-32014.93050026989,-14.421139864986436,33.01801801801802,0,25,-31692.05439834057,-32137.79143535826,204,-3056.2404759771275,-14.981570960672194,26.96078431372549,0,4,-3019.2414855677794,-3091.8958026620735,145,-3137.0491036015565,-21.634821404148664,25.517241379310345,0,3,-3125.974543708243,-3215.821391926972
30,1.5,2,True,392,-6474.658677249887,343,-4224.5898240312745,435,-6478.833748877382,503,-9006.075106729673,459,-4783.3856323330465,0,5,2132,-30967.542989221263,-14.525113972430237,32.87992495309568,0,25,-30655.171424797525,-30945.735496835863,191,-2863.383764231001,-14.99153803262304,27.225130890052355,0,4,-2858.0427997984234,-2888.0637874607983,142,-3029.4049418425802,-21.33383761860972,26.056338028169012,0,3,-3018.3303819492667,-3108.1772301679957
30,1.5,3,False,353,-5334.992417910011,292,-3516.891235112057,405,-5576.787549220133,437,-5710.460495523772,410,-3181.0446502018353,0,5,1897,-23320.176347967805,-12.293187321016239,35.05535055350554,1,25,-23771.466085727403,-23357.158960853594,166,-2589.778129989864,-15.601073072228095,28.313253012048197,0,4,-2490.388475487549,-2597.465267679358,125,-3059.0687525971125,-24.4725500207769,24.0,0,3,-3047.994192703799,-3161.3696856005513
30,1.5,3,True,337,-4991.192209294287,275,-3205.035321055062,383,-5335.391540912714,423,-5348.905107011258,393,-2888.9194028948746,0,5,1811,-21769.443581168194,-12.020675638414243,35.11871893981226,3,25,-22178.85089543672,-21806.426194053984,154,-2339.72761661436,-15.19303647152182,29.22077922077922,0,4,-2271.9959880888164,-2364.4076398441575,121,-2889.047295244192,-23.87642392763795,24.793388429752067,0,3,-2877.9727353508783,-2991.3482282476307
30,1.75,1,False,314,-4813.599534761643,257,-2992.786910636471,359,-4957.15012912885,396,-7103.048101539747,379,-4022.5200656736006,0,5,1705,-23889.10474174031,-14.011205127120416,33.724340175953074,1,25,-24097.496537850166,-24200.303156978876,140,-2236.99400857858,-15.978528632704144,23.57142857142857,0,4,-2154.547103518189,-2539.1148043536496,113,-2527.236333657155,-22.364923306700486,24.778761061946902,0,3,-2516.161773763841,-2639.855688096202
30,1.75,1,True,303,-4702.179570606596,238,-3087.6773540199956,342,-4397.150616264074,385,-6962.683203369275,364,-3517.4943335608714,0,5,1632,-22667.18507782081,-13.88920654278236,33.88480392156863,3,25,-23073.966948446418,-22769.887217778058,128,-2001.9607469437576,-15.640318335498106,24.21875,0,4,-1951.1718678601371,-2275.1415188196197,109,-2518.8416846521504,-23.108639308735324,23.853211009174313,0,3,-2507.767124758837,-2566.7202076011185
30,1.75,2,False,309,-4804.386544532452,254,-2836.4166619473244,355,-5109.937511561023,387,-6619.672503665639,372,-3446.2208483934237,0,5,1677,-22816.63407009986,-13.605625563565807,34.34704830053667,2,25,-23025.025866209715,-23127.832485338426,140,-2254.501815237008,-16.103584394550058,23.57142857142857,0,4,-2172.054910176617,-2539.114804353649,113,-2451.975921475745,-21.698901959962345,24.778761061946902,0,3,-2440.9013615824315,-2564.595275914792
30,1.75,2,True,298,-4645.387860566592,235,-2931.3071053308486,338,-4501.312383389121,377,-6481.756147949754,357,-2932.7815601357697,0,5,1605,-21492.545057372085,-13.390993805216253,34.57943925233645,3,25,-21899.326927997692,-21595.247197329332,128,-2019.468553602186,-15.777098075017078,24.21875,0,4,-1968.6796745185654,-2275.1415188196197,109,-2520.728360034367,-23.12594825719603,23.853211009174313,0,3,-2509.6538001410536,-2568.6068829833353
30,1.75,3,False,267,-4393.160983701837,206,-2224.066418176405,302,-3790.178081399652,316,-3826.368527664211,312,-1872.520660844415,0,5,1403,-16106.294671786522,-11.479896416098732,35.994297933000716,5,25,-16522.07046455937,-16198.412138640291,116,-1550.5306254117997,-13.366643322515515,30.17241379310345,0,4,-1468.0837203514084,-1767.2093695830486,95,-2288.899164408452,-24.093675414825814,24.210526315789473,0,3,-2277.8246045151386,-2402.8565825126616
30,1.75,3,True,255,-4193.729663949078,194,-2055.6517119768655,288,-3403.142359779837,308,-3628.917769624233,299,-1594.9592029301953,0,5,1344,-14876.40070826021,-11.068750526979322,36.30952380952381,5,25,-15564.997659777495,-14968.518175113979,105,-1249.8119506448918,-11.90297095852278,32.38095238095238,0,4,-1199.0230715612713,-1491.3190522481525,90,-2338.5053009623352,-25.983392232914834,23.333333333333332,0,3,-2327.4307410690217,-2434.70822500275
30,2.0,1,False,228,-3304.2149914542492,174,-1861.947737047668,258,-3001.027630128089,316,-5097.547357624024,276,-2453.9765764725694,0,5,1252,-15718.714292726596,-12.554883620388654,35.70287539936102,4,25,-16195.871922681643,-16140.283684950111,110,-1767.2460461213927,-16.065873146558115,23.636363636363637,0,4,-1684.7991410610014,-2089.0830722678556,70,-1719.7995128429204,-24.568564469184576,25.71428571428571,0,2,-1451.299069310899,-1887.5355381621007
30,2.0,1,True,216,-3252.3950695087497,163,-2018.8218049994082,249,-2517.8751857134584,305,-4898.343003045809,266,-1913.8496207533262,0,5,1199,-14601.284684020753,-12.177885474579444,35.9466221851543,4,25,-15353.190460880493,-14862.974795551527,100,-1605.7176123187235,-16.057176123187233,24.0,0,4,-1554.928733235103,-1934.8118477116477,66,-1571.489809306087,-23.810451656152832,25.757575757575758,0,2,-1373.2742202584675,-1816.3729221888937
30,2.0,2,False,222,-3236.8927836243956,172,-1762.5138733476006,256,-3047.6412016341937,310,-4804.4914343099335,272,-2143.131630741502,0,5,1232,-14994.670923657624,-12.170999126345475,36.12012987012987,4,25,-15471.828553612671,-15416.24031588114,109,-1745.084036733298,-16.009945291131174,23.853211009174313,0,4,-1662.6371316729067,-2066.921062879761,68,-1528.4488509121609,-22.477188984002368,27.941176470588236,0,2,-1337.095494943766,-1732.9457132606485
30,2.0,2,True,210,-3185.072861678896,161,-1919.3879412993415,247,-2564.488757219564,299,-4605.287079731719,262,-1594.591118877334,0,5,1179,-13868.827758806854,-11.763212687707256,36.38676844783715,4,25,-14620.733535666594,-14130.517870337628,99,-1583.5556029306288,-15.995511140713422,24.242424242424242,0,4,-1532.7667238470083,-1912.649838323553,64,-1457.2862349389543,-22.77009742092116,28.125,0,2,-1259.0706458913348,-1661.783097287442
30,2.0,3,False,189,-2933.49573557033,144,-1802.518310267903,218,-2234.765609575844,246,-3305.2866617258105,223,-753.8547556056503,0,5,1020,-11029.921072745537,-10.81364811053484,37.84313725490196,5,25,-11600.808250075177,-11281.026511172831,92,-1470.5365540705016,-15.98409297902719,27.173913043478258,0,4,-1388.0896490101102,-1695.3405541257453,58,-1454.3823561266145,-25.075557864251973,25.862068965517242,0,2,-1357.8348246890196,-1587.6353952936026
30,2.0,3,True,179,-2796.6343801623693,141,-1777.6043876349206,213,-2004.0358755510838,238,-3096.055915586974,215,-368.9951004192975,0,5,986,-10043.325659354647,-10.18592866060309,38.03245436105477,5,25,-10837.376150877726,-10294.43109778194,84,-1269.0465937722447,-15.107697544907674,28.57142857142857,0,4,-1218.2577146886242,-1518.6789512595005,54,-1411.2072953747304,-26.133468432865378,25.925925925925924,0,2,-1279.8099756365882,-1532.356999809848
60,1.3,1,False,380,-6354.859325659048,386,-4585.10384983758,421,-1915.0751751136129,448,-6431.036636933744,434,-8640.71429732635,0,5,2069,-27926.789284870334,-13.49772319230079,37.07104881585307,1,25,-30267.801538339005,-28143.19382352025,217,-2237.3184280927007,-10.310223170934105,34.56221198156682,0,4,-2057.1551011094402,-2439.4644798442173,136,-3085.3424788833054,-22.686341756494894,31.61764705882353,0,3,-3059.160737031483,-3190.6510715965283
60,1.3,1,True,370,-5473.781296693133,371,-5118.724165351965,407,-1314.5669405161761,436,-5719.96018192827,421,-7819.567520741624,0,5,2005,-25446.600105231166,-12.691571124803573,37.30673316708229,2,25,-27892.20788680921,-25645.01637562038,207,-1935.700400953164,-9.351209666440406,35.748792270531396,0,4,-1922.5586466656728,-2137.8464527046804,134,-3030.7800535245733,-22.617761593466966,32.08955223880597,0,3,-3004.598311672751,-3136.088646237796
60,1.3,2,False,375,-5419.612894211612,385,-4897.997957942609,416,-2260.32903107716,441,-6425.520916414005,424,-7608.965534596458,0,5,2041,-26612.426334241845,-13.038915401392378,37.08966193042626,1,25,-28465.17620833001,-26828.830872891762,211,-2031.58560918576,-9.628367816046255,34.59715639810427,0,4,-1849.991407041246,-2332.101292668043,134,-3233.4291469557756,-24.130068260863997,32.83582089552239,0,3,-3207.2474051039535,-3284.3376337989807
60,1.3,2,True,363,-4423.233606777388,370,-5391.885440172548,401,-1767.605991155158,428,-5680.02845595237,412,-7258.592669807089,0,5,1974,-24521.346163864553,-12.42216117723635,37.335359675785206,2,25,-26455.63998052548,-24719.762434253767,201,-1729.9675820462235,-8.60680389077723,35.82089552238806,0,4,-1715.3949525974788,-2030.4832655285063,131,-2823.359692475079,-21.55236406469526,33.587786259541986,0,3,-2797.177950623257,-3070.929572245989
60,1.3,3,False,335,-3893.2905114503737,320,-3151.24113190721,369,-1676.1588795974621,383,-5929.582638796449,383,-4087.9528594323488,0,5,1790,-18738.226021183844,-10.468282693398795,39.55307262569833,2,25,-20538.207532670636,-19022.922794752863,185,-2253.2248489436597,-12.179593778073837,33.513513513513516,0,4,-2060.1947049768733,-2325.9029115182884,116,-2801.249709308214,-24.14870439058805,30.17241379310345,0,3,-2775.0679674563917,-2907.476768355839
60,1.3,3,True,322,-3521.937653598021,308,-3147.8795056026775,351,-1039.3024951091231,372,-4904.959044360716,368,-4367.242420741765,0,5,1721,-16981.321119412303,-9.867124415695702,39.68622893666473,3,25,-19105.42583347118,-17248.029624720624,171,-1768.2945987382286,-10.340904086188472,35.67251461988304,0,4,-1689.9692977035704,-1861.8682261099375,113,-2675.5772197912124,-23.67767451142666,30.973451327433626,0,3,-2649.3954779393903,-2781.8042788388375
60,1.5,1,False,314,-5035.642492537865,301,-3380.287154323383,340,-2768.7378561254573,377,-5989.719565341711,357,-5963.23751287604,0,5,1689,-23137.624581204458,-13.699008040973629,37.12255772646537,2,25,-24358.79134923433,-23597.451886354796,171,-2005.7772900801128,-11.72969175485446,33.33333333333333,0,4,-1895.9019586932607,-2113.3591264579145,111,-2721.0958373190947,-24.514376912784638,30.630630630630627,0,3,-2694.9140954672725,-2813.444856697066
60,1.5,1,True,303,-5028.485512472745,283,-3495.760129756592,326,-2165.890338521459,367,-5471.501619899927,345,-5710.696958434666,0,5,1624,-21872.334559085386,-13.468186304855534,37.4384236453202,2,25,-23493.23678584611,-22238.124162917284,160,-1596.638271401233,-9.978989196257706,35.0,1,4,-1606.938623648552,-1738.5751125872187,107,-2081.940444139526,-19.457387328406785,32.71028037383177,0,3,-2055.7587022877037,-2174.289463517497
60,1.5,2,False,308,-3976.7017088173934,300,-3391.4304316374464,339,-2728.332982545072,372,-5755.56791713598,352,-5278.243404685213,0,5,1671,-21130.276444821102,-12.645288117786416,37.40275284260922,2,25,-22351.443212850972,-21590.10374997144,169,-1961.0265509801952,-11.603707402249675,33.13609467455622,0,4,-1895.901958693261,-2068.608387357997,111,-2730.4882249339976,-24.598993017423403,30.630630630630627,0,3,-2704.3064830821754,-2813.444856697066
60,1.5,2,True,297,-3877.9045584636297,282,-3445.4763188477555,325,-2312.598949946484,364,-5407.178398180573,340,-5016.761884551304,0,5,1608,-20059.920109989744,-12.475074695267253,37.6865671641791,2,25,-21680.82233675047,-20425.70971382164,158,-1551.8875323013153,-9.82207298924883,34.810126582278485,1,4,-1562.1878845486344,-1693.824373487301,107,-2091.3328317544288,-19.54516665191055,32.71028037383177,0,3,-2065.1510899026066,-2174.289463517497
60,1.5,3,False,274,-3129.4381415970756,241,-2252.7794850995033,302,-2285.207919429105,318,-2834.170488399135,313,-3221.501497219051,0,5,1448,-13723.09753174387,-9.477277300928087,39.364640883977906,5,25,-14691.172692146014,-14126.131589371025,145,-1985.9042717006473,-13.695891528969982,31.724137931034484,0,4,-1817.9379874188571,-2081.1456361742125,96,-1847.4482575799007,-19.244252683123964,33.33333333333333,0,3,-1821.2665157280787,-1966.633501526229
60,1.5,3,True,263,-3261.632339381205,228,-2102.24180343227,287,-1749.1146948032765,311,-2433.7914381220025,303,-3373.3239358640876,0,5,1392,-12920.104211602842,-9.281684060059513,39.58333333333333,5,25,-14435.524794896133,-13305.150000969295,135,-1590.459541039701,-11.781181785479266,34.074074074074076,0,4,-1537.198099690039,-1666.7526550707157,93,-1721.7757680628988,-18.5137179361602,34.40860215053764,0,3,-1695.5940262110769,-1840.9610120092273
60,1.75,1,False,250,-3277.390750119277,220,-2193.612852215326,277,-1677.3369849100065,298,-4634.713177553539,281,-4213.552423687161,0,5,1326,-15996.60618848531,-12.063805572010038,39.06485671191554,3,25,-17758.973718346526,-16355.290335336174,120,-1112.7892618852293,-9.273243849043578,34.166666666666664,0,4,-1100.1762429236946,-1466.0906557007302,91,-1569.477169951814,-17.24700186760235,30.76923076923077,1,3,-1828.7005641613896,-1714.8827040273436
60,1.75,1,True,240,-3041.84758607831,205,-2253.2964271356454,265,-609.6829504198413,290,-4274.501813935299,273,-3896.646912285766,0,5,1273,-14075.975689854862,-11.057325757937834,39.591516103692065,3,25,-16219.64090799326,-14358.843642672051,108,-706.4146860215147,-6.540876722421433,36.11111111111111,1,4,-763.7649158747547,-1059.7160798370157,88,-1575.4981566877323,-17.903388144178777,29.545454545454547,1,3,-1760.126906445201,-1720.903690763262
60,1.75,2,False,247,-3084.3223602760163,219,-2281.686608453231,274,-1884.5777937530227,292,-4446.918703380041,277,-3304.5373487590496,0,5,1309,-15002.04281462136,-11.460689697953674,39.49579831932773,4,25,-16764.410344482574,-15360.726961472225,120,-1137.4029944411818,-9.478358287009849,33.33333333333333,0,4,-1100.1762429236946,-1466.0906557007302,91,-1578.8695575667168,-17.35021491831557,30.76923076923077,1,3,-1838.0929517762925,-1724.2750916422465
60,1.75,2,True,237,-2805.945554101231,204,-2341.3701833735513,262,-913.7661043927246,285,-4260.508825689285,269,-2978.69087166512,0,5,1257,-13300.281539221913,-10.58097178935713,39.93635640413684,4,25,-15443.94675736031,-13583.149492039101,108,-731.0284185774673,-6.7687816534950676,35.18518518518518,1,4,-763.7649158747547,-1059.7160798370157,88,-1584.890544302635,-18.01011982162085,29.545454545454547,1,3,-1769.5192940601037,-1730.2960783781646
60,1.75,3,False,218,-3221.0090516467267,175,-1599.6162701800647,238,-559.5046383857043,241,-2220.0059007822747,238,-1882.142257541774,0,5,1110,-9482.278118536546,-8.542592899582473,40.81081081081081,5,25,-11336.512175051146,-9926.699595752909,100,-880.3597026636389,-8.803597026636389,31.0,1,4,-976.5802866564964,-1174.024534033341,77,-1288.4703054427391,-16.733380590165442,32.467532467532465,1,3,-1534.2259049119234,-1517.4749928769852
60,1.75,3,True,208,-3018.8460650942384,166,-1459.8622424949942,228,291.41722405758446,236,-1962.3475670556604,232,-2001.719247314691,1,5,1070,-8151.357897901999,-7.618091493366355,40.93457943925234,5,25,-10551.706812760443,-8577.791106857661,90,-434.34969778834363,-4.826107753203818,34.44444444444444,1,4,-630.9888506322181,-728.0145291580457,73,-1345.5872876491715,-18.432702570536595,31.506849315068493,1,3,-1465.6522471957348,-1574.5919750834175
60,2.0,1,False,189,-1715.76501932982,155,-800.3482582077386,210,-607.3871689744069,246,-4184.96052881662,218,-4233.639962218715,0,5,1018,-11542.100937547299,-11.338016638062179,39.19449901768173,4,25,-13291.532690109565,-12138.735437607473,96,-824.2606604563765,-8.586048546420589,34.375,0,4,-689.8541288459049,-1132.3738923988303,60,-2369.9067820869977,-39.49844636811663,30.0,0,2,-1862.695971018638,-2568.504609603211
60,2.0,1,True,179,-1656.4388579213696,145,-1049.3098489499052,203,207.32231736970903,238,-3574.7071768303654,211,-3509.1220813866876,1,5,976,-9582.255647718619,-9.817884884957602,39.75409836065574,5,25,-11821.784412381956,-10238.415620542557,87,-500.9723124937847,-5.758302442457295,36.7816091954023,0,4,-481.2706238154416,-809.0855444362387,57,-2364.913801893876,-41.48971582269958,29.82456140350877,0,2,-1794.1223133024491,-2563.51162941009
60,2.0,2,False,184,-1488.5509568724624,154,-830.6067538736517,209,-802.9501796002476,242,-3986.808571709572,214,-3688.5661351912995,0,5,1003,-10797.482597247232,-10.765187036138816,39.68095712861416,4,25,-12546.914349809498,-11394.117097307406,95,-799.1458834649047,-8.412061931209523,34.73684210526316,0,4,-681.3671999112073,-1107.2591154073586,58,-2213.4518095158096,-38.1629622330312,31.03448275862069,0,2,-1706.2409984474498,-2370.687518101125
60,2.0,2,True,174,-1429.224795464012,144,-1079.5683446158184,202,11.759306743868137,234,-3376.5552197233183,207,-2955.107288666738,1,5,961,-8828.696341726018,-9.186988909184201,40.27055150884495,5,25,-11068.225106389353,-9476.566995157946,86,-475.8575355023127,-5.533227157003636,37.2093023255814,0,4,-456.15584682396957,-783.9707674447666,55,-2208.458829322689,-40.153796896776164,30.909090909090907,0,2,-1637.667340731262,-2365.6945379080043
60,2.0,3,False,159,-1538.8918885729113,130,-815.0224611712852,178,542.4338024253274,192,-2719.9373960711746,179,-2356.5181414624985,1,5,838,-6887.936084852541,-8.219494134668903,40.453460620525064,4,25,-9029.156011683779,-7372.04261169545,80,-941.6128734639763,-11.770160918299704,30.0,0,4,-837.93285721489,-1197.7815941292988,50,-2112.4663691112355,-42.24932738222471,28.000000000000004,0,2,-1601.7765117317451,-2209.3748522285587
60,2.0,3,True,150,-1324.838005321712,128,-870.6106488012542,173,768.3269109706672,187,-2267.4725022000166,174,-2035.407370318039,1,5,812,-5730.001615670353,-7.056652236047233,40.76354679802955,5,25,-8058.373977326006,-6214.1081425132625,72,-581.6467062978795,-8.078426476359438,33.33333333333333,0,4,-565.0982854533517,-813.9422735106468,47,-2180.475757223908,-46.39310121752996,27.659574468085108,0,2,-1533.202854015557,-2199.9421675035624
90,1.3,1,False,297,-5947.666808939168,311,-3794.1159114584216,327,-4690.605147934212,361,-5354.69884471598,346,-8336.21459758397,0,5,1642,-28123.301310631752,-17.12746730245539,35.80998781973204,3,25,-29179.144027225062,-28530.139421331096,187,-2136.5677064679694,-11.425495756513206,36.898395721925134,1,4,-2428.1153977055583,-2203.6277870541508,116,-3041.6154884186008,-26.22082317602242,25.862068965517242,0,3,-3040.803363021682,-3076.3831321086504
90,1.3,1,True,289,-5388.520693780796,299,-3973.0375025246635,315,-5040.099423380494,351,-4589.960242605937,337,-7302.18726165718,0,5,1591,-26293.80512394907,-16.5265902727524,35.82652419861722,3,25,-27418.943692123645,-26617.116697746944,182,-1928.5064157507816,-10.596189097531767,37.362637362637365,1,4,-2228.944629863377,-2075.7388918594015,114,-3029.4562785175676,-26.57417788173305,26.31578947368421,0,3,-3028.6441531206488,-3064.2239222076173
90,1.3,2,False,292,-5387.007934404799,311,-4005.658904857084,323,-4475.090790565274,356,-5783.180735933151,338,-6795.289308252488,0,5,1620,-26446.227674012793,-16.32483189753876,35.80246913580247,3,25,-27641.586060310507,-26853.065784712137,180,-1820.9302334094161,-10.116279074496756,38.333333333333336,1,4,-2228.739678137458,-1960.9398959069758,115,-2956.7460047234545,-25.710834823682212,26.08695652173913,0,3,-2955.9338793265356,-3041.562371974035
90,1.3,2,True,283,-4681.843468501621,298,-4162.603225730939,310,-4645.425645041806,345,-5004.888652974852,330,-6219.78556522681,0,5,1566,-24714.54655747603,-15.781958210393379,36.015325670498086,3,25,-25979.20079535501,-25037.858131273904,175,-1612.8689426922283,-9.216393958241305,38.857142857142854,1,4,-2029.5689102952772,-1754.2544917207024,113,-2944.5867948224222,-26.05829021966745,26.548672566371685,0,3,-2943.7746694255034,-3029.403162073003
90,1.3,3,False,273,-3870.9133896402095,267,-3169.878237742253,289,-4294.671689264147,312,-6184.104956951607,306,-3649.4455314757215,0,5,1447,-21169.013805073933,-14.629587978627459,36.62750518313753,5,25,-22221.354173253105,-21456.15611880122,157,-1671.7627646151373,-10.648170475255652,37.57961783439491,1,4,-2250.712191003733,-1864.1744081787172,99,-2669.211099178676,-26.961728274532078,26.262626262626267,0,3,-2668.398973781757,-2731.3234056261044
90,1.3,3,True,261,-3340.1690472115315,255,-3060.225603432839,276,-3802.0725320792963,304,-5808.07878791112,295,-3490.1770569840146,0,5,1391,-19500.723027618806,-14.019211378590082,36.520488856937455,6,25,-20622.35924737924,-19787.865341346092,148,-1272.0727567656522,-8.595086194362516,39.189189189189186,1,4,-1894.0113067504592,-1464.4844003292321,98,-2658.033312438836,-27.122788902437104,26.53061224489796,0,3,-2657.2211870419173,-2716.8656938796807
90,1.5,1,False,251,-4988.521849563173,240,-2735.79670419479,276,-4461.36860807579,310,-5751.339736148097,293,-4506.054482553465,0,5,1370,-22443.081380535314,-16.381811226668113,36.934306569343065,2,25,-22632.524503830937,-23029.36229356173,150,-1887.2547482305652,-12.5816983215371,34.0,1,4,-2244.348871275912,-2120.963931144645,96,-2047.9710495132686,-21.333031765763213,34.375,1,3,-2134.060117524968,-2134.2483648329194
90,1.5,1,True,245,-4924.8989805602805,226,-3029.536267832981,268,-4433.074591928879,299,-5515.905576487579,284,-4312.932579275048,0,5,1322,-22216.34799608477,-16.805104384330384,36.98940998487141,2,25,-23211.049344044994,-22719.102372209712,141,-1387.805278112813,-9.842590624913568,36.17021276595745,1,4,-1837.3000129692132,-1652.2556859016306,94,-2069.6502083280457,-22.017555407745167,35.1063829787234,1,3,-2233.9233438254028,-2155.9275236476965
90,1.5,2,False,248,-4847.804744652536,240,-2752.184751524929,274,-4453.8604860576015,304,-5882.560271083572,289,-3905.266544520006,0,5,1355,-21841.676797838645,-16.11931866999162,36.53136531365313,2,25,-22048.55898826872,-22427.957710865063,148,-1808.376694549728,-12.218761449660324,34.45945945945946,1,4,-2244.3488712759117,-2042.0858774638077,95,-1968.648201349196,-20.72261264578101,33.68421052631579,1,3,-2054.7372693608954,-2049.3144718682297
90,1.5,2,True,241,-4789.704505257688,226,-2986.7678647655857,265,-4386.266376065153,294,-5913.606941318143,280,-3712.1446412415885,0,5,1306,-21788.490328648157,-16.6833769744626,36.447166921898926,2,25,-22738.463297667375,-22291.2447047731,139,-1308.9272244319768,-9.416742621812784,36.69064748201439,1,4,-1837.3000129692136,-1573.3776322207943,93,-1990.3273601639723,-21.401369464128734,34.40860215053764,1,3,-2154.600495661329,-2070.9936306830064
90,1.5,3,False,230,-4250.007224585738,198,-2470.262797066293,246,-3398.100563916856,262,-4882.83140658131,256,-2439.1372405238926,0,5,1192,-17440.339232674087,-14.631157074391012,36.577181208053695,3,25,-17977.579969755014,-17928.88762429017,126,-1813.8458422906244,-14.395601922941463,34.12698412698413,1,4,-2163.4948797331494,-1938.296521915008,82,-1777.413186887407,-21.675770571797646,34.146341463414636,1,3,-1806.4701551025062,-1872.2979236957863
90,1.5,3,True,221,-3801.176072768484,187,-2256.6768128622825,235,-2866.319659856775,253,-4803.757330950295,247,-2702.1273138072465,0,5,1143,-16430.057190245083,-14.374503228560878,36.74540682414698,6,25,-17383.280594260646,-16918.605581861168,118,-1409.0531780615986,-11.941128627640666,35.59322033898305,1,4,-1802.3532075873732,-1533.5038576859822,80,-1742.4577809960879,-21.7807222624511,35.0,1,3,-1839.1564588339945,-1837.3425178044672
90,1.75,1,False,206,-2637.950562637759,176,-2257.929656738866,230,-3639.10537293769,247,-4520.243367279174,237,-2944.589530376035,0,5,1096,-15999.818489969526,-14.598374534643728,37.591240875912405,7,25,-16531.110820253605,-16614.787755493733,107,-877.6474688760213,-8.202312793233844,33.64485981308411,1,4,-1177.5063435291845,-1219.7548638909807,79,-1901.2902041094726,-24.066964608980665,31.645569620253166,0,3,-1900.4780787125535,-1989.1770317205055
90,1.75,1,True,198,-2576.215323390081,161,-2483.482132041141,222,-3324.871767257815,239,-4578.912825904746,231,-3263.597713098309,0,5,1051,-16227.079761692094,-15.439657242333105,37.58325404376784,7,25,-16944.87824334635,-16693.756874693576,97,-362.44727073988565,-3.73656980144212,36.08247422680412,1,4,-800.8866882903453,-704.554665754845,77,-1994.4029698982893,-25.901337271406355,31.16883116883117,0,3,-1993.5908445013702,-2019.4954234385827
90,1.75,2,False,203,-2817.7545127716076,176,-2310.035508870168,228,-3848.333824696837,242,-4491.483268702155,235,-2401.154878358241,0,5,1084,-15868.761993399008,-14.639079329703883,36.808118081180815,7,25,-16400.054323683085,-16483.731258923217,107,-898.775747357476,-8.399773339789496,33.64485981308411,1,4,-1177.5063435291845,-1240.3537526369983,79,-1906.9012489100896,-24.13799049253278,31.645569620253166,0,3,-1906.0891235131705,-1994.7880765211225
90,1.75,2,True,194,-2727.403492464237,161,-2506.019853981482,220,-3534.100219016962,235,-4649.984502840157,229,-2710.0098437768215,0,5,1039,-16127.517912079658,-15.522153909605061,36.76612127045236,7,25,-16845.316393733912,-16594.19502508114,97,-383.5755492213401,-3.95438710537464,36.08247422680412,1,4,-800.8866882903452,-725.1535545008624,77,-2000.0140146989063,-25.97420798310268,31.16883116883117,0,3,-1999.2018893019872,-2025.1064682391998
90,1.75,3,False,187,-3373.390066843356,142,-1787.8987441293589,202,-1824.644851444147,201,-3773.9666112804407,205,-1756.4809362728372,0,5,937,-12516.381209970139,-13.357930853756818,37.45997865528282,8,25,-13420.771624704297,-12968.852338462759,90,-1197.705764914006,-13.307841832377845,31.11111111111111,1,4,-1361.2139153117419,-1435.6142499694265,68,-1670.3060825333062,-24.563324743136857,33.82352941176471,0,3,-1669.493957136387,-1756.632307662305
90,1.75,3,True,178,-3706.8808933198397,134,-1708.3125871407651,194,-1124.4390313540341,196,-3396.378163522296,201,-2196.0327840535597,0,5,903,-12132.043459390496,-13.435264074629563,37.652270210409746,8,25,-13360.99587834394,-12584.514587883117,82,-682.1833514919637,-8.319309164536142,34.146341463414636,1,4,-996.593116631978,-920.0918365473841,65,-2003.2135691994968,-30.818670295376872,32.30769230769231,0,3,-2002.4014438025777,-2073.6684472628062
90,2.0,1,False,166,-1823.4300465033516,133,-1515.1840775894643,176,-2671.555285568492,204,-3449.699734086504,188,-2856.170467551156,0,5,867,-12316.03961129897,-14.205351339445178,38.4083044982699,7,25,-13077.748928518882,-13037.568095733812,85,-1216.0729009821748,-14.306740011554998,31.76470588235294,0,4,-1172.565763902253,-1486.3559739222321,54,-2076.105064011347,-38.44639007428421,31.48148148148148,0,2,-1616.404915492928,-2321.517710272261
90,2.0,1,True,158,-1806.7729109381162,123,-1804.0134251769582,170,-1664.9426531743131,198,-3157.567214071728,184,-2791.726511972482,0,5,833,-11225.022715333598,-13.475417425370466,38.775510204081634,6,25,-12358.513179113297,-11799.927144478512,77,-818.6086727792032,-10.631281464664976,33.76623376623377,1,4,-865.3007177982604,-1088.8917457192606,52,-2151.7509861429776,-41.379826656595725,30.76923076923077,0,2,-1631.7453127998042,-2397.1636324038914
90,2.0,2,False,161,-1716.2098879039463,132,-1579.6434552552669,175,-2800.7309543986394,201,-3904.154633706452,187,-2921.393140577699,0,5,856,-12922.132071842003,-15.095948682058415,37.850467289719624,6,25,-13670.289273713328,-13643.660556276845,84,-1196.740695668015,-14.246913043666845,32.142857142857146,0,4,-1172.5657639022527,-1467.0237686080723,52,-1939.222329703689,-37.29273710968633,34.61538461538461,0,2,-1479.5221811852698,-2144.9207614474817
90,2.0,2,True,153,-1699.5527523387104,122,-1868.4728028427608,169,-1794.11832200446,195,-3612.0221136916753,183,-2621.629804264392,0,5,822,-11595.795795142,-14.106807536669098,38.32116788321168,6,25,-12506.178386595537,-12170.700224286913,76,-799.2764674650434,-10.516795624540045,34.21052631578947,1,4,-865.3007177982604,-1069.5595404051007,50,-2014.8682518353196,-40.297365036706395,34.0,0,2,-1494.8625784921462,-2220.566683579112
90,2.0,3,False,140,-2389.799390037516,110,-1538.2301440829103,152,-1155.8081597399782,161,-3149.076303524911,158,-991.712313324006,0,5,721,-9224.626310709322,-12.7942112492501,38.55755894590846,7,25,-10489.434778320881,-9785.324755345375,72,-1453.6573887442116,-20.189685954780717,27.77777777777778,0,4,-1397.3868570755092,-1680.437344540458,45,-1861.9403284957555,-41.37645174435012,33.33333333333333,0,2,-1366.218049500025,-1996.7094012880598
90,2.0,3,True,133,-2220.8479694812154,108,-1608.6107712500857,149,-770.9427727751128,156,-2592.3331918689937,155,-937.5659908957064,0,5,701,-8130.300696271114,-11.598146499673486,38.80171184022825,7,25,-9412.791307065065,-8690.999140907166,66,-1045.3561136968315,-15.838728995406537,30.303030303030305,1,4,-1091.6058359720903,-1272.1360694930781,43,-2002.7421833414571,-46.57539961259203,32.55813953488372,0,2,-1381.5584468069017,-2137.5112561337614
