family,horizon,param1,param2,W1_trades,W1_net,W2_trades,W2_net,W3_trades,W3_net,pre_trades,pre_net,pre_mean,pre_wr,pre_days,pre_pos_days,pre_without_best_day,pre_without_best_ticker,fwd_trades,fwd_net,fwd_mean,fwd_wr,fwd_days,fwd_pos_days,fwd_without_best_day,fwd_without_best_ticker
REGIME,60,1.3,0.6,321,-2465.97222484158,321,-3550.7746387095804,301,-5515.134514691132,943,-11531.881378242291,-12.228930411709747,38.70625662778367,15,1,-12251.100630365614,-12277.121398470215,148,-2153.3599566950725,-14.549729437128867,30.405405405405407,4,0,-2032.7192931310426,-2270.793812037977
REGIME,60,1.3,0.65,327,-2462.30791929901,323,-3115.0297560992194,304,-4811.849908332307,954,-10389.187583730534,-10.890133735566598,39.517819706498955,15,1,-11030.853218183885,-11271.359249011235,150,-2034.3445211095684,-13.562296807397123,30.0,4,0,-1928.1445718393848,-2268.8145872615373
REGIME,60,1.3,0.7,327,-2878.1022119216077,327,-2091.2981289027234,307,-4938.904268301601,961,-9908.304609125931,-10.310410623440095,40.16649323621228,15,3,-10362.5258494864,-10693.679153683388,153,-1961.8992798681702,-12.822871110249478,31.372549019607842,4,0,-1894.051882353092,-2196.3693460201393
REGIME,60,1.5,0.6,266,-2597.9617869424146,262,-3151.942395812608,246,-3395.401941274549,774,-9145.306124029572,-11.81564098711831,39.405684754521964,15,3,-9733.954911195031,-9643.610044908168,113,-1091.891315734201,-9.662755006497354,32.743362831858406,4,0,-1061.616352232785,-1299.6676790438155
REGIME,60,1.5,0.65,272,-2398.189488470207,264,-3130.3001484814354,248,-3392.866555705449,784,-8921.356192657091,-11.379280857980984,40.05102040816326,15,3,-9394.082057596224,-9136.71678196519,114,-961.0784953526306,-8.430513117128339,33.33333333333333,4,0,-930.8035318512145,-1194.855914257005
REGIME,60,1.5,0.7,273,-2194.890402698431,266,-2414.02419296671,250,-3968.9270619014405,789,-8577.841657566581,-10.871789173088189,40.557667934093786,15,3,-9256.192842765384,-9180.846083566792,116,-952.5339657010376,-8.211499704319289,33.62068965517241,4,1,-970.2393089194563,-1186.3113846054118
REGIME,60,1.75,0.6,216,-1414.0244747971535,206,-2732.924102227026,203,-1719.2622026351664,625,-5866.210779659346,-9.385937247454955,40.96,15,3,-7194.316777794111,-6422.611832420753,81,-860.3020571180889,-10.621013050840604,35.80246913580247,4,1,-885.0786110908747,-1062.9702717605614
REGIME,60,1.75,0.65,222,-1271.877301010498,210,-2331.811802644208,205,-1855.494049641748,637,-5459.183153296453,-8.570146237514056,41.915227629513346,15,3,-6671.366229204892,-5670.990672008231,82,-719.7118495065511,-8.776973774470134,36.58536585365854,4,1,-744.4884034793369,-1011.5240306576263
REGIME,60,1.75,0.7,223,-970.4604731230029,211,-1546.4003054953546,207,-2504.868841270067,641,-5021.729619888425,-7.834211575488963,42.27769110764431,15,4,-6046.46830170398,-5564.7477465796765,82,-673.2761190399614,-8.210684378536115,37.80487804878049,4,1,-698.0526730127472,-965.0883001910366
REGIME,60,2.0,0.6,171,-463.4700120363641,165,-2194.5345771374928,155,-1469.435770238907,491,-4127.440359412763,-8.406192178030068,39.307535641547865,15,3,-5840.515889329884,-4650.02387015792,56,-339.8060290611829,-6.067964804663981,42.857142857142854,4,1,-364.3555222916144,-534.2642827124614
REGIME,60,2.0,0.65,175,-219.62943973903617,168,-1252.562364561315,156,-1374.233020895423,499,-2846.424825195774,-5.704258166724998,41.08216432865731,15,3,-4700.497829706837,-3355.0752879798065,58,-381.70496614063495,-6.581120105873016,41.37931034482759,4,1,-406.25445937106645,-567.2674741248547
REGIME,60,2.0,0.7,175,-172.7252211141991,169,-829.7640094116251,157,-2144.81733582962,501,-3147.306566355444,-6.282049034641605,41.71656686626746,15,4,-4813.935176773624,-4008.588476593003,58,-316.3017226660773,-5.453477977001333,43.103448275862064,4,2,-402.99939267042623,-501.8642306502971
XSEC_MR,60,1.0,,652,-8481.939595149173,535,-4918.44107730786,635,-5002.043702891095,1822,-18402.424375348128,-10.100123147831026,36.608122941822174,15,1,-18595.818756369947,-18483.884515966703,487,-3783.9305880113006,-7.769878004129981,37.57700205338809,4,0,-3372.909822220152,-4028.595665739126
XSEC_MR,60,2.0,,815,-9395.050691329507,718,-7269.6766268654665,810,-8883.225378597468,2343,-25547.95269679244,-10.90394908100403,36.23559539052496,15,0,-25508.30785132134,-25552.476389604788,591,-7138.88447473934,-12.079330752520033,33.16412859560068,4,0,-6563.4771100469525,-7156.908543789543
XSEC_MR,60,3.0,,904,-10773.99493010079,802,-8518.048846163503,889,-11025.846727720487,2595,-30317.89050398478,-11.683194799223422,36.1849710982659,15,0,-29520.765661030862,-30322.41419679713,639,-6263.243214525809,-9.801632573592816,33.64632237871675,4,0,-5499.237236942846,-6273.1098611334855
XSEC_MOM,60,1.0,,652,-7343.954884787074,535,-7968.182179322363,636,-10169.602541585276,1823,-25481.73960569471,-13.977915307567038,31.760833790455294,15,0,-25119.904256417707,-25270.395568176977,488,-7884.754802807873,-16.157284431983346,29.918032786885245,4,0,-7432.7722914803135,-7884.331469209566
XSEC_MOM,60,2.0,,815,-10273.261846240704,718,-9914.840332010583,809,-10500.316961628818,2342,-30688.419139880105,-13.103509453407389,32.96327924850555,15,1,-30705.533266166425,-30361.554625801582,592,-7159.410806037761,-12.093599334523246,33.78378378378378,4,0,-6314.238797756975,-7122.5756353828065
XSEC_MOM,60,3.0,,903,-10967.202592857524,801,-10742.030212803775,889,-10254.779959707917,2593,-31964.012765369218,-12.32703924618944,32.6263015811801,15,0,-30752.280324463987,-31829.70741623679,639,-9086.99464716472,-14.220648900101283,32.237871674491394,4,0,-8151.975136725816,-9085.015305914894
REGIME,90,1.3,0.6,258,-2158.399991045648,269,-3518.000858633228,249,-4920.388399799938,776,-10596.789249478814,-13.655656249328368,38.53092783505155,15,2,-11555.537086745,-10956.588351942628,134,-1390.789068573778,-10.379022899804314,36.56716417910448,4,0,-1183.5874246004569,-1690.3471259558341
REGIME,90,1.3,0.65,261,-2849.5938831123267,271,-3204.7518522120185,253,-4653.997035167023,785,-10708.342770491367,-13.641200981517665,38.089171974522294,15,2,-11301.13236605264,-11223.582989877652,135,-1531.4175599256564,-11.343833777227085,37.03703703703704,4,0,-1337.4556857970238,-1830.9756173077126
REGIME,90,1.3,0.7,261,-3364.919035535567,274,-2235.0895826621813,255,-4028.271401833204,790,-9628.280020030954,-12.187696227887283,38.48101265822785,15,4,-9972.705629923212,-10061.45521290423,138,-1481.1824643526988,-10.733206263425354,37.68115942028986,4,0,-1287.2205902240662,-1780.740521734755
REGIME,90,1.5,0.6,219,-2538.117006948238,226,-3452.350937612242,210,-3131.6445453723763,655,-9122.112489932857,-13.926889297607415,39.541984732824424,15,3,-9961.440009844362,-9394.440643680895,105,-1034.8576395612297,-9.855787043440282,39.04761904761905,4,1,-1119.323883472593,-1228.8525275911327
REGIME,90,1.5,0.65,223,-2430.190860219203,228,-3437.870211713268,213,-3400.1843478516116,664,-9268.245419784083,-13.958200933409763,39.75903614457831,15,3,-10059.101798006826,-9465.706627354097,105,-1088.1075125331806,-10.362928690792197,40.95238095238095,4,0,-1069.3213839579987,-1332.1049000776777
REGIME,90,1.5,0.7,224,-2589.6067493873634,231,-2840.12072241561,215,-2978.5222240312332,670,-8408.249695834205,-12.549626411692843,40.298507462686565,15,3,-9097.595626409735,-8977.79894341258,107,-1113.4956668708387,-10.40650155954055,40.18691588785047,4,0,-1093.77182609141,-1357.4930544153358
REGIME,90,1.75,0.6,181,-1840.9834955241413,177,-2912.121572117234,172,-3094.54588398645,530,-7847.650951627825,-14.806888587977028,40.0,15,3,-8457.834894770649,-8083.612617116015,75,-652.1384042988648,-8.695178723984863,40.0,4,1,-816.6055562806731,-939.4592369805575
REGIME,90,1.75,0.65,185,-2097.4695277090027,181,-2452.614381273868,174,-3430.2011507190236,540,-7980.285059701895,-14.77830566611462,40.18518518518518,15,3,-8882.956426079123,-8177.7462672719075,75,-609.7599144864635,-8.130132193152846,41.333333333333336,4,1,-816.6055562806731,-897.0807471681562
REGIME,90,1.75,0.7,186,-1649.6285025955704,182,-1860.1377436217372,176,-4111.224050927626,544,-7620.990297144934,-14.009173340339952,41.36029411764706,15,5,-8580.800039218579,-8190.539544723308,75,-572.353490516238,-7.63137987354984,42.66666666666667,4,1,-779.1991323104477,-859.6743231979308
REGIME,90,2.0,0.6,143,-1291.9226776672058,141,-1554.2974177316491,134,-2414.4953650074367,418,-5260.715460406293,-12.585443685182518,42.3444976076555,15,3,-6729.873304010287,-5918.830792287934,53,-626.7501216282003,-11.82547399298491,39.62264150943396,4,0,-589.4255715349384,-846.8391112236823
REGIME,90,2.0,0.65,146,-1234.012491851585,143,-1107.2707586581296,135,-2197.5637799490687,424,-4538.847030458784,-10.704827902025434,43.160377358490564,15,3,-6362.601847475448,-5160.009398184802,53,-584.371631815799,-11.025879845581112,41.509433962264154,4,0,-547.0470817225371,-804.460621411281
REGIME,90,2.0,0.7,146,-1312.8794450441665,144,-669.9882200634502,135,-3170.304785676598,425,-5153.1724507842155,-12.125111648904037,43.29411764705882,15,4,-7034.065643497297,-5495.046316577422,53,-607.9157877783726,-11.47010920336552,43.39622641509434,4,0,-570.5912376851109,-828.0047773738547
XSEC_MR,90,1.0,,485,-6655.1871164831455,414,-5667.094771708949,472,-7157.1128117490625,1371,-19479.394699941156,-14.208165353713461,38.22027716994894,15,0,-19118.59170508785,-19879.537371148166,363,-4979.30597743999,-13.717096356583994,36.63911845730027,4,0,-4427.500651673704,-5309.394570210609
XSEC_MR,90,2.0,,592,-8048.23896181541,520,-5943.435343380767,577,-6883.9975377811115,1689,-20875.671842977288,-12.359782026629537,38.01065719360569,15,0,-20315.05049716185,-21012.14870642921,422,-4563.973575368487,-10.815103259167032,37.203791469194314,4,0,-3932.192055003915,-4798.6717031587805
XSEC_MR,90,3.0,,641,-9708.279979195864,571,-5572.592493531658,618,-8476.0729389649,1830,-23756.945411692424,-12.981937383438483,38.196721311475414,15,0,-23113.3439473902,-24253.95081154447,446,-3888.7816935113324,-8.719241465272045,36.32286995515695,4,0,-3201.6154191340374,-4354.861743239125
XSEC_MOM,90,1.0,,485,-5091.131600855721,414,-4335.327593915894,472,-4193.90795158855,1371,-13620.367146360164,-9.93462228035023,37.70970094821298,15,0,-13419.643892884244,-14086.938649304102,362,-3793.707765205922,-10.479855704988735,38.12154696132597,4,0,-3468.6780543625755,-3974.6236005436326
XSEC_MOM,90,2.0,,592,-6141.195933091492,520,-6638.650911139913,576,-7004.259944830672,1688,-19784.106789062072,-11.720442410581796,36.90758293838863,15,0,-19677.82482192692,-20015.63025611622,423,-5721.897097245244,-13.526943492305541,33.80614657210402,4,0,-5109.96945079249,-5872.376587744324
XSEC_MOM,90,3.0,,641,-5688.1324306759525,571,-8136.525322454054,618,-6430.393938823405,1830,-20255.05169195341,-11.068334257898037,37.923497267759565,15,1,-20298.49711915652,-20775.239288866822,446,-6906.886571405556,-15.486292760999005,33.856502242152466,4,0,-6150.0966678689865,-7186.424236600578
REGIME,120,1.3,0.6,231,-2645.8609819423173,227,-2872.5750295362927,224,-5034.951893162849,682,-10553.387904641459,-15.47417581325727,39.589442815249264,15,1,-11299.953554698941,-11021.760240759875,114,-2116.806087711725,-18.56847445361162,34.21052631578947,4,0,-1934.144860357077,-2514.4227960952844
REGIME,120,1.3,0.65,235,-3410.5635678711124,230,-1408.2457941478785,227,-4628.159096073484,692,-9446.968458092477,-13.651688523255025,40.028901734104046,15,1,-11535.20750990864,-9967.36263000223,115,-2381.9450633470256,-20.712565768235006,33.91304347826087,4,0,-2205.301412383646,-2779.561771730585
REGIME,120,1.3,0.7,236,-4273.578612753585,233,-879.7258603903365,230,-4218.145590488868,699,-9371.45006363279,-13.406938574581961,39.77110157367668,15,1,-11610.11585094601,-9988.00438922202,118,-2729.3758572299084,-23.130303874829732,32.20338983050847,4,0,-2552.732206266529,-3126.992565613468
REGIME,120,1.5,0.6,196,-2954.120668686087,198,-4645.901906950463,185,-4419.227723708899,579,-12019.25029934545,-20.758636095587995,39.89637305699482,15,2,-12165.256317156412,-12477.462044787751,92,-1288.3853743717443,-14.004188851866786,40.21739130434783,4,0,-1200.6310471113516,-1595.1368387012403
REGIME,120,1.5,0.65,200,-3644.0303239080567,200,-3990.8788187958776,187,-4090.126327626245,587,-11725.035470330178,-19.97450676376521,40.20442930153322,15,2,-12236.278639700324,-12027.000747105314,92,-1499.656513139315,-16.300614273253423,41.30434782608695,4,0,-1411.9021858789222,-1806.4079774688107
REGIME,120,1.5,0.7,202,-4029.49820633198,202,-3719.0975361922046,189,-4126.994694007484,593,-11875.590436531667,-20.026290786731312,39.96627318718381,15,1,-12386.833605901813,-12150.410200627864,94,-1672.1369288391097,-17.788690732330956,40.42553191489361,4,0,-1590.4001779699854,-1959.2424360571829
REGIME,120,1.75,0.6,164,-2053.8795657647047,157,-3064.2017685548262,154,-2986.7637890316178,475,-8104.84512335115,-17.062831838634,39.578947368421055,15,5,-8446.67809960237,-8736.161857166851,67,-1082.7356055771857,-16.160232919062473,40.298507462686565,4,0,-1018.2225683768604,-1363.4954807135339
REGIME,120,1.75,0.65,167,-2208.5533906510955,159,-1762.3374904996833,156,-2621.319484182448,482,-6592.210365333227,-13.676784990317898,40.871369294605806,15,5,-7555.630754544265,-7474.366410776512,67,-965.6740961544217,-14.413046211260026,40.298507462686565,4,0,-901.583019729734,-1246.43397129077
REGIME,120,1.75,0.7,168,-2225.2357523792907,160,-1437.5424506051143,158,-3823.6263565262807,486,-7486.404559510685,-15.404124608046677,41.9753086419753,15,3,-8449.824948721724,-7933.249181744999,67,-920.5275636725983,-13.739217368247735,41.7910447761194,4,0,-856.4364872479106,-1201.2874388089465
REGIME,120,2.0,0.6,131,-1119.5010662225523,130,-3214.2586149568174,124,-2235.2043748781234,385,-6568.964056057493,-17.062244301448033,38.44155844155844,15,4,-7348.0635062710935,-7108.7537408468415,50,-803.9867096809072,-16.079734193618144,42.0,4,0,-773.7951480039007,-1100.0915087585104
REGIME,120,2.0,0.65,132,-1210.1034725313796,132,-2302.7747229178376,125,-1763.992294557273,389,-5276.8704900064895,-13.565219768654215,40.102827763496144,15,5,-6502.66674409083,-6067.49948642342,50,-686.9252002581429,-13.73850400516286,42.0,4,0,-656.7336385811365,-983.029999335746
REGIME,120,2.0,0.7,132,-1167.7881440710055,133,-2152.2459692928815,125,-3083.318043926023,390,-6403.352157289909,-16.418851685358742,40.256410256410255,15,4,-7674.862561037375,-6782.275583022304,50,-740.5489533138899,-14.810979066277799,44.0,4,0,-710.3573916368834,-1036.653752391493
XSEC_MR,120,1.0,,387,-4497.2105256424775,329,-2832.141513370725,375,-4711.713711884817,1091,-12041.065750898018,-11.036723878000016,40.23831347387718,15,0,-11955.845644874988,-12506.7647297026,293,-3553.888780316954,-12.129313243402574,39.59044368600683,4,0,-3060.6427921685195,-3821.901646375473
XSEC_MR,120,2.0,,464,-5521.549169683457,411,-5297.221580950138,453,-6538.153678119285,1328,-17356.924428752878,-13.069973214422347,38.93072289156627,15,1,-17580.50838829448,-18147.906950666093,327,-3593.421781909561,-10.989057437032297,40.36697247706422,4,0,-3144.3258949809897,-3708.538189668797
XSEC_MR,120,3.0,,496,-7317.065598833007,454,-3852.638850881891,484,-6763.647099360764,1434,-17933.35154907566,-12.505823953330308,40.6555090655509,15,0,-17702.292368812403,-18434.07022669663,346,-3316.040466719657,-9.583931984738893,38.72832369942196,4,0,-2753.6111065583873,-3675.5124591956164
XSEC_MOM,120,1.0,,387,-4889.467797027655,329,-5082.603356517104,375,-4357.3522736756,1091,-14329.42342722036,-13.1342102907611,37.763519706691106,15,1,-14330.636978541057,-14680.575802474623,292,-4047.86705012752,-13.862558390847672,37.67123287671233,4,0,-3699.0365942434787,-4165.356467558209
XSEC_MOM,120,2.0,,464,-5562.377806374532,411,-4594.121834995629,453,-4534.156123608247,1328,-14690.655764978408,-11.06224078688133,39.984939759036145,15,0,-14638.817718281112,-15550.691688405386,327,-4865.470032860093,-14.879113250336676,35.77981651376147,4,0,-3844.0809539145707,-4894.571763126205
XSEC_MOM,120,3.0,,496,-4646.60744084175,454,-7063.333888556971,484,-5062.430828526677,1434,-16772.372157925398,-11.696214893950765,39.8186889818689,15,1,-16874.037053409316,-17013.451323637375,346,-5676.0580824620465,-16.404792145844066,35.26011560693642,4,0,-4834.38210264348,-5922.730470559445
