share_min,market_ret5_min,start_hour,score_max,W0_net,W1_net,W2_net,W3_net,W4_net,positive_windows,usable_windows,pre_trades,pre_net,pre_mean,pre_wr,pre_days,pre_pos_days,pre_no_best_day,pre_no_best_ticker,sep_trades,sep_net,sep_mean,sep_days,sep_pos_days,sep_no_best_day,fresh_trades,fresh_net,fresh_mean
0.4,-0.003,10,1.7,212.93505471200223,-45.89814230545145,61.07386409390597,41.87402968792855,320.1004655624349,4,5,37,590.0852717508201,15.948250587860002,64.86486486486487,19,13,395.07249716334843,384.6476467209584,6,-137.15341414813724,-22.858902358022874,3,2,-161.1676251141406,0,,
0.4,-0.003,10,1.9,383.49687549766696,-58.53083192000594,44.018146046162144,129.52189791999055,320.9876369280419,4,5,60,819.4937244718557,13.658228741197595,63.33333333333333,23,15,535.5345232530606,621.909013120651,7,-200.41386806252495,-28.630552580360707,3,1,-224.42807902852832,0,,
0.4,-0.003,10,2.2,478.39169432577177,-69.2787409371962,7.420638570948967,123.03240769923497,279.60799562539444,4,5,82,819.1739952841539,9.989926771757974,59.756097560975604,23,13,532.5994880381766,570.0488770001251,10,-309.46336816613916,-30.946336816613915,4,2,-336.44408276387617,0,,
0.4,-0.003,10,99.0,297.5395950122072,-168.5034332081584,73.39869392232458,249.6659319659629,354.4279417675213,4,5,131,806.5287294598573,6.156707858472194,56.48854961832062,24,16,470.4776535970346,395.65892727571077,10,-309.46336816613916,-30.946336816613915,4,2,-336.44408276387617,0,,
0.4,-0.003,12,1.7,118.8157338855265,-45.89814230545145,20.031620058902007,-11.440191101025256,401.197819019046,3,5,28,482.70683955699775,17.239529984178493,64.28571428571429,16,10,206.59671151291496,277.26921452713606,5,-145.05608566879437,-29.011217133758873,3,2,-161.1676251141406,0,,
0.4,-0.003,12,1.9,172.28765735671942,-120.66273134458271,63.30612692095852,17.917586111613097,402.08499038465305,4,5,46,534.9336294293613,11.62899194411655,60.86956521739131,20,12,180.10726786617397,346.34987515067223,6,-208.3165395831821,-34.71942326386368,3,1,-224.42807902852834,0,,
0.4,-0.003,12,2.2,275.06970274320264,-65.19119915104054,56.55108291530357,11.42809589085752,458.56165207917405,4,5,59,736.419334477497,12.481683635211814,61.016949152542374,20,11,309.1987098585614,487.2942161934683,9,-317.3660396867963,-35.26289329853292,4,2,-344.3467542845333,0,,
0.4,-0.003,12,99.0,223.120841878628,-220.39367521224924,386.49448350389855,18.812374112933405,543.4257136428109,4,5,97,951.4597379260217,9.808863277587852,58.76288659793815,23,15,547.9929903014317,645.2537813927852,9,-317.3660396867963,-35.26289329853292,4,2,-344.3467542845333,0,,
0.4,-0.003,13,1.7,118.8157338855265,21.580258520551233,20.031620058902007,-11.440191101025256,460.1116961950214,4,5,26,609.0991175589759,23.426889136883688,69.23076923076923,16,10,332.9889895148931,403.6614925291142,4,-84.00292679512083,-21.000731698780207,3,2,-100.11446624046707,0,,
0.4,-0.003,13,1.9,186.22438810627915,14.121441500750215,9.0252931522963,78.9383124552242,460.9988675606284,5,5,39,749.308302775178,19.213033404491746,66.66666666666666,19,11,394.4819412119907,543.8706777453164,5,-147.26338070950857,-29.452676141901712,3,1,-163.3749201548548,0,,
0.4,-0.003,13,2.2,289.00643349276237,69.59297369429234,2.270249146641362,72.44882223446865,517.4755292551495,5,5,52,950.794007823314,18.284500150448345,65.38461538461539,20,12,523.5733832043784,701.6688895392853,7,-193.2386525380177,-27.605521791145385,4,2,-220.2193671357547,0,,
0.4,-0.003,13,99.0,310.7725233037721,40.44964948753556,181.13282043185498,72.44882223446865,602.3395908187863,5,5,82,1207.1434062764176,14.721261052151435,62.19512195121951,23,14,803.6766586518277,944.5972879777785,7,-193.2386525380177,-27.605521791145385,4,2,-220.2193671357547,0,,
0.4,-0.003,14,1.7,134.68603479559334,33.688029146630264,20.031620058902007,-11.440191101025256,460.1116961950214,4,5,22,637.0771890951216,28.958054049778255,72.72727272727273,12,8,360.96706105103885,444.316354750061,4,-84.00292679512083,-21.000731698780207,3,2,-100.11446624046707,0,,
0.4,-0.003,14,1.9,202.09468901634597,26.229212126829232,9.0252931522963,136.76928321497132,460.9988675606284,5,5,34,835.1173450710712,24.562274855031507,70.58823529411765,16,10,480.2909835078839,646.5335907923821,5,-147.26338070950857,-29.452676141901712,3,1,-163.3749201548548,0,,
0.4,-0.003,14,2.2,304.87673440282924,81.70074432037137,-50.337001965625575,130.27979299421577,517.4755292551495,4,5,46,983.9957990069402,21.391213021890003,67.3913043478261,19,11,556.7751743880045,734.8706807229114,7,-193.2386525380177,-27.605521791145385,4,2,-220.2193671357547,0,,
0.4,-0.003,14,99.0,326.64282421383894,121.33615425519076,7.0360291976895155,130.27979299421577,547.6412741966171,5,5,70,1132.9360748575518,16.184801069393597,64.28571428571429,21,14,729.4693272329619,945.5125543792635,7,-193.2386525380177,-27.605521791145385,4,2,-220.2193671357547,0,,
0.4,-0.002,10,1.7,212.93505471200223,-45.89814230545145,61.07386409390597,41.87402968792855,320.1004655624349,4,5,37,590.0852717508201,15.948250587860002,64.86486486486487,19,13,395.07249716334843,384.6476467209584,6,-137.15341414813724,-22.858902358022874,3,2,-161.1676251141406,0,,
0.4,-0.002,10,1.9,383.49687549766696,-58.53083192000594,44.018146046162144,129.52189791999055,320.9876369280419,4,5,60,819.4937244718557,13.658228741197595,63.33333333333333,23,15,535.5345232530606,621.909013120651,7,-200.41386806252495,-28.630552580360707,3,1,-224.42807902852832,0,,
0.4,-0.002,10,2.2,478.39169432577177,-69.2787409371962,7.420638570948967,123.03240769923497,279.60799562539444,4,5,82,819.1739952841539,9.989926771757974,59.756097560975604,23,13,532.5994880381766,570.0488770001251,10,-309.46336816613916,-30.946336816613915,4,2,-336.44408276387617,0,,
0.4,-0.002,10,99.0,297.5395950122072,-168.5034332081584,73.39869392232458,249.6659319659629,354.4279417675213,4,5,131,806.5287294598573,6.156707858472194,56.48854961832062,24,16,470.4776535970346,395.65892727571077,10,-309.46336816613916,-30.946336816613915,4,2,-336.44408276387617,0,,
0.4,-0.002,12,1.7,118.8157338855265,-45.89814230545145,20.031620058902007,-11.440191101025256,401.197819019046,3,5,28,482.70683955699775,17.239529984178493,64.28571428571429,16,10,206.59671151291496,277.26921452713606,5,-145.05608566879437,-29.011217133758873,3,2,-161.1676251141406,0,,
0.4,-0.002,12,1.9,172.28765735671942,-120.66273134458271,63.30612692095852,17.917586111613097,402.08499038465305,4,5,46,534.9336294293613,11.62899194411655,60.86956521739131,20,12,180.10726786617397,346.34987515067223,6,-208.3165395831821,-34.71942326386368,3,1,-224.42807902852834,0,,
0.4,-0.002,12,2.2,275.06970274320264,-65.19119915104054,56.55108291530357,11.42809589085752,458.56165207917405,4,5,59,736.419334477497,12.481683635211814,61.016949152542374,20,11,309.1987098585614,487.2942161934683,9,-317.3660396867963,-35.26289329853292,4,2,-344.3467542845333,0,,
0.4,-0.002,12,99.0,223.120841878628,-220.39367521224924,386.49448350389855,18.812374112933405,543.4257136428109,4,5,97,951.4597379260217,9.808863277587852,58.76288659793815,23,15,547.9929903014317,645.2537813927852,9,-317.3660396867963,-35.26289329853292,4,2,-344.3467542845333,0,,
0.4,-0.002,13,1.7,118.8157338855265,21.580258520551233,20.031620058902007,-11.440191101025256,460.1116961950214,4,5,26,609.0991175589759,23.426889136883688,69.23076923076923,16,10,332.9889895148931,403.6614925291142,4,-84.00292679512083,-21.000731698780207,3,2,-100.11446624046707,0,,
0.4,-0.002,13,1.9,186.22438810627915,14.121441500750215,9.0252931522963,78.9383124552242,460.9988675606284,5,5,39,749.308302775178,19.213033404491746,66.66666666666666,19,11,394.4819412119907,543.8706777453164,5,-147.26338070950857,-29.452676141901712,3,1,-163.3749201548548,0,,
0.4,-0.002,13,2.2,289.00643349276237,69.59297369429234,2.270249146641362,72.44882223446865,517.4755292551495,5,5,52,950.794007823314,18.284500150448345,65.38461538461539,20,12,523.5733832043784,701.6688895392853,7,-193.2386525380177,-27.605521791145385,4,2,-220.2193671357547,0,,
0.4,-0.002,13,99.0,310.7725233037721,40.44964948753556,181.13282043185498,72.44882223446865,602.3395908187863,5,5,82,1207.1434062764176,14.721261052151435,62.19512195121951,23,14,803.6766586518277,944.5972879777785,7,-193.2386525380177,-27.605521791145385,4,2,-220.2193671357547,0,,
0.4,-0.002,14,1.7,134.68603479559334,33.688029146630264,20.031620058902007,-11.440191101025256,460.1116961950214,4,5,22,637.0771890951216,28.958054049778255,72.72727272727273,12,8,360.96706105103885,444.316354750061,4,-84.00292679512083,-21.000731698780207,3,2,-100.11446624046707,0,,
0.4,-0.002,14,1.9,202.09468901634597,26.229212126829232,9.0252931522963,136.76928321497132,460.9988675606284,5,5,34,835.1173450710712,24.562274855031507,70.58823529411765,16,10,480.2909835078839,646.5335907923821,5,-147.26338070950857,-29.452676141901712,3,1,-163.3749201548548,0,,
0.4,-0.002,14,2.2,304.87673440282924,81.70074432037137,-50.337001965625575,130.27979299421577,517.4755292551495,4,5,46,983.9957990069402,21.391213021890003,67.3913043478261,19,11,556.7751743880045,734.8706807229114,7,-193.2386525380177,-27.605521791145385,4,2,-220.2193671357547,0,,
0.4,-0.002,14,99.0,326.64282421383894,121.33615425519076,7.0360291976895155,130.27979299421577,547.6412741966171,5,5,70,1132.9360748575518,16.184801069393597,64.28571428571429,21,14,729.4693272329619,945.5125543792635,7,-193.2386525380177,-27.605521791145385,4,2,-220.2193671357547,0,,
0.4,-0.001,10,1.7,212.93505471200223,-45.89814230545145,61.07386409390597,41.87402968792855,320.1004655624349,4,5,37,590.0852717508201,15.948250587860002,64.86486486486487,19,13,395.07249716334843,384.6476467209584,6,-137.15341414813724,-22.858902358022874,3,2,-161.1676251141406,0,,
0.4,-0.001,10,1.9,383.49687549766696,-58.53083192000594,44.018146046162144,129.52189791999055,320.9876369280419,4,5,60,819.4937244718557,13.658228741197595,63.33333333333333,23,15,535.5345232530606,621.909013120651,7,-200.41386806252495,-28.630552580360707,3,1,-224.42807902852832,0,,
0.4,-0.001,10,2.2,478.39169432577177,-69.2787409371962,7.420638570948967,123.03240769923497,279.60799562539444,4,5,82,819.1739952841539,9.989926771757974,59.756097560975604,23,13,532.5994880381766,570.0488770001251,10,-309.46336816613916,-30.946336816613915,4,2,-336.44408276387617,0,,
0.4,-0.001,10,99.0,297.5395950122072,-168.5034332081584,73.39869392232458,249.6659319659629,354.4279417675213,4,5,131,806.5287294598573,6.156707858472194,56.48854961832062,24,16,470.4776535970346,395.65892727571077,10,-309.46336816613916,-30.946336816613915,4,2,-336.44408276387617,0,,
0.4,-0.001,12,1.7,118.8157338855265,-45.89814230545145,20.031620058902007,-11.440191101025256,401.197819019046,3,5,28,482.70683955699775,17.239529984178493,64.28571428571429,16,10,206.59671151291496,277.26921452713606,5,-145.05608566879437,-29.011217133758873,3,2,-161.1676251141406,0,,
0.4,-0.001,12,1.9,172.28765735671942,-120.66273134458271,63.30612692095852,17.917586111613097,402.08499038465305,4,5,46,534.9336294293613,11.62899194411655,60.86956521739131,20,12,180.10726786617397,346.34987515067223,6,-208.3165395831821,-34.71942326386368,3,1,-224.42807902852834,0,,
0.4,-0.001,12,2.2,275.06970274320264,-65.19119915104054,56.55108291530357,11.42809589085752,458.56165207917405,4,5,59,736.419334477497,12.481683635211814,61.016949152542374,20,11,309.1987098585614,487.2942161934683,9,-317.3660396867963,-35.26289329853292,4,2,-344.3467542845333,0,,
0.4,-0.001,12,99.0,223.120841878628,-220.39367521224924,386.49448350389855,18.812374112933405,543.4257136428109,4,5,97,951.4597379260217,9.808863277587852,58.76288659793815,23,15,547.9929903014317,645.2537813927852,9,-317.3660396867963,-35.26289329853292,4,2,-344.3467542845333,0,,
0.4,-0.001,13,1.7,118.8157338855265,21.580258520551233,20.031620058902007,-11.440191101025256,460.1116961950214,4,5,26,609.0991175589759,23.426889136883688,69.23076923076923,16,10,332.9889895148931,403.6614925291142,4,-84.00292679512083,-21.000731698780207,3,2,-100.11446624046707,0,,
0.4,-0.001,13,1.9,186.22438810627915,14.121441500750215,9.0252931522963,78.9383124552242,460.9988675606284,5,5,39,749.308302775178,19.213033404491746,66.66666666666666,19,11,394.4819412119907,543.8706777453164,5,-147.26338070950857,-29.452676141901712,3,1,-163.3749201548548,0,,
0.4,-0.001,13,2.2,289.00643349276237,69.59297369429234,2.270249146641362,72.44882223446865,517.4755292551495,5,5,52,950.794007823314,18.284500150448345,65.38461538461539,20,12,523.5733832043784,701.6688895392853,7,-193.2386525380177,-27.605521791145385,4,2,-220.2193671357547,0,,
0.4,-0.001,13,99.0,310.7725233037721,40.44964948753556,181.13282043185498,72.44882223446865,602.3395908187863,5,5,82,1207.1434062764176,14.721261052151435,62.19512195121951,23,14,803.6766586518277,944.5972879777785,7,-193.2386525380177,-27.605521791145385,4,2,-220.2193671357547,0,,
0.4,-0.001,14,1.7,134.68603479559334,33.688029146630264,20.031620058902007,-11.440191101025256,460.1116961950214,4,5,22,637.0771890951216,28.958054049778255,72.72727272727273,12,8,360.96706105103885,444.316354750061,4,-84.00292679512083,-21.000731698780207,3,2,-100.11446624046707,0,,
0.4,-0.001,14,1.9,202.09468901634597,26.229212126829232,9.0252931522963,136.76928321497132,460.9988675606284,5,5,34,835.1173450710712,24.562274855031507,70.58823529411765,16,10,480.2909835078839,646.5335907923821,5,-147.26338070950857,-29.452676141901712,3,1,-163.3749201548548,0,,
0.4,-0.001,14,2.2,304.87673440282924,81.70074432037137,-50.337001965625575,130.27979299421577,517.4755292551495,4,5,46,983.9957990069402,21.391213021890003,67.3913043478261,19,11,556.7751743880045,734.8706807229114,7,-193.2386525380177,-27.605521791145385,4,2,-220.2193671357547,0,,
0.4,-0.001,14,99.0,326.64282421383894,121.33615425519076,7.0360291976895155,130.27979299421577,547.6412741966171,5,5,70,1132.9360748575518,16.184801069393597,64.28571428571429,21,14,729.4693272329619,945.5125543792635,7,-193.2386525380177,-27.605521791145385,4,2,-220.2193671357547,0,,
0.4,0.0,10,1.7,97.82032170795007,21.580258520551233,151.74697760091374,-12.749644611841916,394.68739826013507,4,5,26,653.0853114777083,25.1186658260657,73.07692307692307,17,12,376.9751834336255,447.6476864478466,6,-137.15341414813724,-22.858902358022874,3,2,-161.1676251141406,0,,
0.4,0.0,10,1.9,230.2287984866332,68.14970577700063,195.02148446297025,-131.60134171520014,534.4613927307596,4,5,38,896.2600397421635,23.58579051953062,71.05263157894737,21,14,541.4336781789762,693.1283641737016,7,-200.41386806252495,-28.630552580360707,3,1,-224.42807902852832,0,,
0.4,0.0,10,2.2,332.67051564459854,62.47162857160792,62.403549107151264,-138.0908319359557,484.71508874624755,4,5,53,804.1699501336496,15.173017927049994,64.15094339622641,22,15,444.8647521129257,596.5594381076511,9,-246.38913989103412,-27.37657109900379,4,2,-273.3698544887711,0,,
0.4,0.0,10,99.0,219.25540508792062,31.13253204110839,170.69001366395074,-79.58134304802269,734.4441282684722,4,5,81,1075.9407360134294,13.283218963128759,61.72839506172839,24,13,740.389414987051,727.6490006052056,9,-246.38913989103412,-27.37657109900379,4,2,-273.3698544887711,0,,
0.4,0.0,12,1.7,68.48602645173035,21.580258520551233,86.83639833350664,-66.06386540079572,394.68739826013507,4,5,21,505.5262161651276,24.072676960244173,71.42857142857143,14,9,229.41608812104482,300.0885911352659,5,-145.05608566879437,-29.011217133758873,3,2,-161.1676251141406,0,,
0.4,0.0,12,1.9,135.89468067248302,6.017806352423911,130.11090519556313,-184.91556250415394,534.4613927307596,4,5,31,621.5692224470755,20.050620078937918,67.74193548387096,18,11,266.74286088388817,483.43736943654403,6,-208.3165395831821,-34.71942326386368,3,1,-224.42807902852834,0,,
0.4,0.0,12,2.2,246.22362438882675,66.55917035776358,123.35586118990821,-191.4050527249095,523.0226278270688,4,5,40,767.7562310386579,19.19390577596645,67.5,19,12,408.451033017934,595.3832130099757,8,-254.29181141169124,-31.786476426461405,4,2,-281.27252600942825,0,,
0.4,0.0,12,99.0,261.7117522811388,-20.757709962982524,313.2702174425062,-191.4050527249095,720.1778964549248,3,5,62,1082.9971034906778,17.467695217591576,64.51612903225806,21,13,747.4457824642994,787.2791389768229,8,-254.29181141169124,-31.786476426461405,4,2,-281.27252600942825,0,,
0.4,0.0,13,1.7,68.48602645173035,21.580258520551233,86.83639833350664,-66.06386540079572,394.68739826013507,4,5,21,505.5262161651276,24.072676960244173,71.42857142857143,14,9,229.41608812104482,300.0885911352659,4,-84.00292679512083,-21.000731698780207,3,2,-100.11446624046707,0,,
0.4,0.0,13,1.9,135.89468067248302,73.32357837175411,75.83007142690093,-123.89483616054284,534.4613927307596,4,5,28,695.6148870413548,24.843388822905528,71.42857142857143,16,11,340.78852547816746,490.1772620114931,5,-147.26338070950857,-29.452676141901712,3,1,-163.3749201548548,0,,
0.4,0.0,13,2.2,246.22362438882675,133.86494237709377,69.07502742124599,-130.3843263812984,523.0226278270688,4,5,37,841.8018956329369,22.75140258467397,70.27027027027027,18,13,482.4966976122129,631.8854341455386,7,-193.2386525380177,-27.605521791145385,4,2,-220.2193671357547,0,,
0.4,0.0,13,99.0,335.42670295672315,52.69550306499112,194.90526424106508,-130.3843263812984,720.1778964549248,4,5,55,1172.8210403364058,21.32401891520738,67.27272727272727,20,13,837.2697193100274,910.2749220377666,7,-193.2386525380177,-27.605521791145385,4,2,-220.2193671357547,0,,
0.4,0.0,14,1.7,84.35632736179721,33.688029146630264,86.83639833350664,-66.06386540079572,394.68739826013507,4,5,17,533.5042877012735,31.38260515889844,76.47058823529412,10,7,257.3941596571907,414.63100274541705,4,-84.00292679512083,-21.000731698780207,3,2,-100.11446624046707,0,,
0.4,0.0,14,1.9,151.76498158254986,85.43134899783314,75.83007142690093,-66.06386540079572,534.4613927307596,4,5,23,781.4239293372477,33.97495344944555,78.26086956521739,12,10,426.5975677740604,662.5506443813913,5,-147.26338070950857,-29.452676141901712,3,1,-163.3749201548548,0,,
0.4,0.0,14,2.2,262.09392529889357,145.9727130031728,16.467776308979055,-72.55335562155128,523.0226278270688,4,5,31,875.003686816563,28.22592538117945,74.19354838709677,16,12,515.698488795839,702.6306687878808,7,-193.2386525380177,-27.605521791145385,4,2,-220.2193671357547,0,,
0.4,0.0,14,99.0,351.2970038667901,127.3790718029203,79.70904601621118,-72.55335562155128,720.1778964549248,4,5,46,1206.0096625192948,26.217601359115104,71.73913043478261,19,15,870.4583414929165,974.3758174382187,7,-193.2386525380177,-27.605521791145385,4,2,-220.2193671357547,0,,
0.45,-0.003,10,1.7,89.37609847510856,105.78214643389995,-90.47999877483758,-12.749644611841916,336.8132767776327,3,5,21,428.7418782999617,20.416279919045795,66.66666666666666,14,8,152.6317502558789,223.3042532701,2,-66.82831064903658,-33.41415532451829,2,1,-79.99017157612403,0,,
0.45,-0.003,10,1.9,221.78457525379167,152.35159369034935,-47.20549191278107,-64.6161652145457,476.58727124825725,3,5,35,738.9017830650713,21.111479516144893,68.57142857142857,19,12,384.07542150188397,535.7701074966094,3,-130.08876456342432,-43.36292152114144,2,0,-79.99017157612404,0,,
0.45,-0.003,10,2.2,270.7265593389313,146.67351648495665,-179.82342726860003,-71.10565543530126,430.7287934880731,3,5,50,597.1997866080598,11.943995732161195,60.0,20,12,234.0067623630079,394.0681110395978,3,-130.08876456342432,-43.36292152114144,2,0,-79.99017157612404,0,,
0.45,-0.003,10,99.0,228.9675046772726,186.55771796595047,-120.57622848991136,48.143590609350746,623.1629710641514,4,5,77,966.2555558268137,12.548773452296283,59.74025974025974,22,13,626.8164085761075,606.3600847129264,3,-130.08876456342432,-43.36292152114144,2,0,-79.99017157612404,0,,
0.45,-0.003,12,1.7,60.04180321888886,105.78214643389995,-35.42644338470136,-66.06386540079572,336.8132767776327,3,5,16,401.14691764492443,25.071682352807777,68.75,11,6,125.03678960084164,195.70929261506274,2,-66.82831064903658,-33.41415532451829,2,1,-79.99017157612403,0,,
0.45,-0.003,12,1.9,127.45045743964151,90.21969426577263,7.848063477355154,-117.9303860034995,476.58727124825725,4,5,28,584.1751004275269,20.863396443840248,67.85714285714286,17,10,229.34873886433957,446.0432474169954,3,-130.08876456342432,-43.36292152114144,2,0,-79.99017157612404,0,,
0.45,-0.003,12,2.2,184.2796680831595,150.7610582711123,1.0930194717002166,-124.41987622425506,528.5850964852416,4,5,36,740.2989660869583,20.563860169082176,66.66666666666666,18,9,317.5571779255593,602.1671130764269,3,-130.08876456342432,-43.36292152114144,2,0,-79.99017157612404,0,,
0.45,-0.003,12,99.0,271.4238518704907,134.66747596185962,202.6111114299618,-124.41987622425506,668.4455031669511,4,5,55,1152.7280662050082,20.95869211281833,65.45454545454545,20,12,753.7401550379548,845.4063659854896,3,-130.08876456342432,-43.36292152114144,2,0,-79.99017157612404,0,,
0.45,-0.003,13,1.7,60.04180321888886,105.78214643389995,-35.42644338470136,-66.06386540079572,336.8132767776327,3,5,16,401.14691764492443,25.071682352807777,68.75,11,6,125.03678960084164,195.70929261506274,2,-66.82831064903658,-33.41415532451829,2,1,-79.99017157612403,0,,
0.45,-0.003,13,1.9,127.45045743964151,157.52546628510282,-46.432770291307065,-56.90965965988841,476.58727124825725,3,5,25,658.220765021806,26.328830600872237,72.0,15,10,303.3944034586186,452.78313999194427,3,-130.08876456342432,-43.36292152114144,2,0,-79.99017157612404,0,,
0.45,-0.003,13,2.2,184.2796680831595,218.0668302904425,-53.18781429696202,-63.399149880643975,528.5850964852416,3,5,33,814.3446306812375,24.67711002064356,69.6969696969697,17,10,391.6028425198385,608.9070056513758,3,-130.08876456342432,-43.36292152114144,2,0,-79.99017157612404,0,,
0.45,-0.003,13,99.0,345.1388025460751,208.12068898983327,84.24615822852067,-63.399149880643975,668.4455031669511,4,5,48,1242.5520030507362,25.886500063557005,68.75,19,11,843.5640918836827,984.4847212096336,3,-130.08876456342432,-43.36292152114144,2,0,-79.99017157612404,0,,
0.45,-0.003,14,1.7,75.9121041289557,33.688029146630264,-35.42644338470136,-66.06386540079572,336.8132767776327,3,5,13,344.9231012677216,26.5325462513632,69.23076923076923,8,4,68.81297322363883,258.291179378596,2,-66.82831064903658,-33.41415532451829,2,1,-79.99017157612403,0,,
0.45,-0.003,14,1.9,143.32075834970834,85.43134899783314,-46.432770291307065,0.9213110998587126,476.58727124825725,4,5,21,659.8279194043503,31.42037711449287,76.19047619047619,13,9,305.00155784116293,550.6579292264114,3,-130.08876456342432,-43.36292152114144,2,0,-79.99017157612404,0,,
0.45,-0.003,14,2.2,200.1499689932263,145.9727130031728,-105.79506540922893,-5.5681791208968505,528.5850964852416,3,5,28,763.3445339515149,27.262304783982675,71.42857142857143,15,9,340.6027457901159,641.4002126589173,3,-130.08876456342432,-43.36292152114144,2,0,-79.99017157612404,0,,
0.45,-0.003,14,99.0,361.00910345614193,198.60236981441372,-30.95005999633321,-5.5681791208968505,668.4455031669511,3,5,40,1191.5387373202766,29.788468433006916,72.5,18,13,792.5508261532232,948.301156533537,3,-130.08876456342432,-43.36292152114144,2,0,-79.99017157612404,0,,
0.45,-0.002,10,1.7,89.37609847510856,105.78214643389995,-90.47999877483758,-12.749644611841916,336.8132767776327,3,5,21,428.7418782999617,20.416279919045795,66.66666666666666,14,8,152.6317502558789,223.3042532701,2,-66.82831064903658,-33.41415532451829,2,1,-79.99017157612403,0,,
0.45,-0.002,10,1.9,221.78457525379167,152.35159369034935,-47.20549191278107,-64.6161652145457,476.58727124825725,3,5,35,738.9017830650713,21.111479516144893,68.57142857142857,19,12,384.07542150188397,535.7701074966094,3,-130.08876456342432,-43.36292152114144,2,0,-79.99017157612404,0,,
0.45,-0.002,10,2.2,270.7265593389313,146.67351648495665,-179.82342726860003,-71.10565543530126,430.7287934880731,3,5,50,597.1997866080598,11.943995732161195,60.0,20,12,234.0067623630079,394.0681110395978,3,-130.08876456342432,-43.36292152114144,2,0,-79.99017157612404,0,,
0.45,-0.002,10,99.0,228.9675046772726,186.55771796595047,-120.57622848991136,48.143590609350746,623.1629710641514,4,5,77,966.2555558268137,12.548773452296283,59.74025974025974,22,13,626.8164085761075,606.3600847129264,3,-130.08876456342432,-43.36292152114144,2,0,-79.99017157612404,0,,
0.45,-0.002,12,1.7,60.04180321888886,105.78214643389995,-35.42644338470136,-66.06386540079572,336.8132767776327,3,5,16,401.14691764492443,25.071682352807777,68.75,11,6,125.03678960084164,195.70929261506274,2,-66.82831064903658,-33.41415532451829,2,1,-79.99017157612403,0,,
0.45,-0.002,12,1.9,127.45045743964151,90.21969426577263,7.848063477355154,-117.9303860034995,476.58727124825725,4,5,28,584.1751004275269,20.863396443840248,67.85714285714286,17,10,229.34873886433957,446.0432474169954,3,-130.08876456342432,-43.36292152114144,2,0,-79.99017157612404,0,,
0.45,-0.002,12,2.2,184.2796680831595,150.7610582711123,1.0930194717002166,-124.41987622425506,528.5850964852416,4,5,36,740.2989660869583,20.563860169082176,66.66666666666666,18,9,317.5571779255593,602.1671130764269,3,-130.08876456342432,-43.36292152114144,2,0,-79.99017157612404,0,,
0.45,-0.002,12,99.0,271.4238518704907,134.66747596185962,202.6111114299618,-124.41987622425506,668.4455031669511,4,5,55,1152.7280662050082,20.95869211281833,65.45454545454545,20,12,753.7401550379548,845.4063659854896,3,-130.08876456342432,-43.36292152114144,2,0,-79.99017157612404,0,,
0.45,-0.002,13,1.7,60.04180321888886,105.78214643389995,-35.42644338470136,-66.06386540079572,336.8132767776327,3,5,16,401.14691764492443,25.071682352807777,68.75,11,6,125.03678960084164,195.70929261506274,2,-66.82831064903658,-33.41415532451829,2,1,-79.99017157612403,0,,
0.45,-0.002,13,1.9,127.45045743964151,157.52546628510282,-46.432770291307065,-56.90965965988841,476.58727124825725,3,5,25,658.220765021806,26.328830600872237,72.0,15,10,303.3944034586186,452.78313999194427,3,-130.08876456342432,-43.36292152114144,2,0,-79.99017157612404,0,,
0.45,-0.002,13,2.2,184.2796680831595,218.0668302904425,-53.18781429696202,-63.399149880643975,528.5850964852416,3,5,33,814.3446306812375,24.67711002064356,69.6969696969697,17,10,391.6028425198385,608.9070056513758,3,-130.08876456342432,-43.36292152114144,2,0,-79.99017157612404,0,,
0.45,-0.002,13,99.0,345.1388025460751,208.12068898983327,84.24615822852067,-63.399149880643975,668.4455031669511,4,5,48,1242.5520030507362,25.886500063557005,68.75,19,11,843.5640918836827,984.4847212096336,3,-130.08876456342432,-43.36292152114144,2,0,-79.99017157612404,0,,
0.45,-0.002,14,1.7,75.9121041289557,33.688029146630264,-35.42644338470136,-66.06386540079572,336.8132767776327,3,5,13,344.9231012677216,26.5325462513632,69.23076923076923,8,4,68.81297322363883,258.291179378596,2,-66.82831064903658,-33.41415532451829,2,1,-79.99017157612403,0,,
0.45,-0.002,14,1.9,143.32075834970834,85.43134899783314,-46.432770291307065,0.9213110998587126,476.58727124825725,4,5,21,659.8279194043503,31.42037711449287,76.19047619047619,13,9,305.00155784116293,550.6579292264114,3,-130.08876456342432,-43.36292152114144,2,0,-79.99017157612404,0,,
0.45,-0.002,14,2.2,200.1499689932263,145.9727130031728,-105.79506540922893,-5.5681791208968505,528.5850964852416,3,5,28,763.3445339515149,27.262304783982675,71.42857142857143,15,9,340.6027457901159,641.4002126589173,3,-130.08876456342432,-43.36292152114144,2,0,-79.99017157612404,0,,
0.45,-0.002,14,99.0,361.00910345614193,198.60236981441372,-30.95005999633321,-5.5681791208968505,668.4455031669511,3,5,40,1191.5387373202766,29.788468433006916,72.5,18,13,792.5508261532232,948.301156533537,3,-130.08876456342432,-43.36292152114144,2,0,-79.99017157612404,0,,
0.45,-0.001,10,1.7,89.37609847510856,105.78214643389995,-90.47999877483758,-12.749644611841916,336.8132767776327,3,5,21,428.7418782999617,20.416279919045795,66.66666666666666,14,8,152.6317502558789,223.3042532701,2,-66.82831064903658,-33.41415532451829,2,1,-79.99017157612403,0,,
0.45,-0.001,10,1.9,221.78457525379167,152.35159369034935,-47.20549191278107,-64.6161652145457,476.58727124825725,3,5,35,738.9017830650713,21.111479516144893,68.57142857142857,19,12,384.07542150188397,535.7701074966094,3,-130.08876456342432,-43.36292152114144,2,0,-79.99017157612404,0,,
0.45,-0.001,10,2.2,270.7265593389313,146.67351648495665,-179.82342726860003,-71.10565543530126,430.7287934880731,3,5,50,597.1997866080598,11.943995732161195,60.0,20,12,234.0067623630079,394.0681110395978,3,-130.08876456342432,-43.36292152114144,2,0,-79.99017157612404,0,,
0.45,-0.001,10,99.0,228.9675046772726,186.55771796595047,-120.57622848991136,48.143590609350746,623.1629710641514,4,5,77,966.2555558268137,12.548773452296283,59.74025974025974,22,13,626.8164085761075,606.3600847129264,3,-130.08876456342432,-43.36292152114144,2,0,-79.99017157612404,0,,
0.45,-0.001,12,1.7,60.04180321888886,105.78214643389995,-35.42644338470136,-66.06386540079572,336.8132767776327,3,5,16,401.14691764492443,25.071682352807777,68.75,11,6,125.03678960084164,195.70929261506274,2,-66.82831064903658,-33.41415532451829,2,1,-79.99017157612403,0,,
0.45,-0.001,12,1.9,127.45045743964151,90.21969426577263,7.848063477355154,-117.9303860034995,476.58727124825725,4,5,28,584.1751004275269,20.863396443840248,67.85714285714286,17,10,229.34873886433957,446.0432474169954,3,-130.08876456342432,-43.36292152114144,2,0,-79.99017157612404,0,,
0.45,-0.001,12,2.2,184.2796680831595,150.7610582711123,1.0930194717002166,-124.41987622425506,528.5850964852416,4,5,36,740.2989660869583,20.563860169082176,66.66666666666666,18,9,317.5571779255593,602.1671130764269,3,-130.08876456342432,-43.36292152114144,2,0,-79.99017157612404,0,,
0.45,-0.001,12,99.0,271.4238518704907,134.66747596185962,202.6111114299618,-124.41987622425506,668.4455031669511,4,5,55,1152.7280662050082,20.95869211281833,65.45454545454545,20,12,753.7401550379548,845.4063659854896,3,-130.08876456342432,-43.36292152114144,2,0,-79.99017157612404,0,,
0.45,-0.001,13,1.7,60.04180321888886,105.78214643389995,-35.42644338470136,-66.06386540079572,336.8132767776327,3,5,16,401.14691764492443,25.071682352807777,68.75,11,6,125.03678960084164,195.70929261506274,2,-66.82831064903658,-33.41415532451829,2,1,-79.99017157612403,0,,
0.45,-0.001,13,1.9,127.45045743964151,157.52546628510282,-46.432770291307065,-56.90965965988841,476.58727124825725,3,5,25,658.220765021806,26.328830600872237,72.0,15,10,303.3944034586186,452.78313999194427,3,-130.08876456342432,-43.36292152114144,2,0,-79.99017157612404,0,,
0.45,-0.001,13,2.2,184.2796680831595,218.0668302904425,-53.18781429696202,-63.399149880643975,528.5850964852416,3,5,33,814.3446306812375,24.67711002064356,69.6969696969697,17,10,391.6028425198385,608.9070056513758,3,-130.08876456342432,-43.36292152114144,2,0,-79.99017157612404,0,,
0.45,-0.001,13,99.0,345.1388025460751,208.12068898983327,84.24615822852067,-63.399149880643975,668.4455031669511,4,5,48,1242.5520030507362,25.886500063557005,68.75,19,11,843.5640918836827,984.4847212096336,3,-130.08876456342432,-43.36292152114144,2,0,-79.99017157612404,0,,
0.45,-0.001,14,1.7,75.9121041289557,33.688029146630264,-35.42644338470136,-66.06386540079572,336.8132767776327,3,5,13,344.9231012677216,26.5325462513632,69.23076923076923,8,4,68.81297322363883,258.291179378596,2,-66.82831064903658,-33.41415532451829,2,1,-79.99017157612403,0,,
0.45,-0.001,14,1.9,143.32075834970834,85.43134899783314,-46.432770291307065,0.9213110998587126,476.58727124825725,4,5,21,659.8279194043503,31.42037711449287,76.19047619047619,13,9,305.00155784116293,550.6579292264114,3,-130.08876456342432,-43.36292152114144,2,0,-79.99017157612404,0,,
0.45,-0.001,14,2.2,200.1499689932263,145.9727130031728,-105.79506540922893,-5.5681791208968505,528.5850964852416,3,5,28,763.3445339515149,27.262304783982675,71.42857142857143,15,9,340.6027457901159,641.4002126589173,3,-130.08876456342432,-43.36292152114144,2,0,-79.99017157612404,0,,
0.45,-0.001,14,99.0,361.00910345614193,198.60236981441372,-30.95005999633321,-5.5681791208968505,668.4455031669511,3,5,40,1191.5387373202766,29.788468433006916,72.5,18,13,792.5508261532232,948.301156533537,3,-130.08876456342432,-43.36292152114144,2,0,-79.99017157612404,0,,
0.45,0.0,10,1.7,89.37609847510856,105.78214643389995,-31.096238366781023,-12.749644611841916,337.03412856850866,3,5,19,488.3464904988943,25.70244686836286,73.68421052631578,12,8,212.2363624548115,282.9088654690326,2,-66.82831064903658,-33.41415532451829,2,1,-79.99017157612403,0,,
0.45,0.0,10,1.9,221.78457525379167,152.35159369034935,12.178268495275503,-131.60134171520014,476.8081230391332,4,5,31,731.5212187633496,23.59745866978547,70.96774193548387,18,11,376.69485720016223,528.3895431948877,3,-130.08876456342432,-43.36292152114144,2,0,-79.99017157612404,0,,
0.45,0.0,10,2.2,270.7265593389313,146.67351648495665,-120.43966686054353,-138.0908319359557,422.5829825970846,3,5,44,581.4525596244731,13.214830900556207,61.36363636363637,19,12,226.62619806128578,378.32088405601115,3,-130.08876456342432,-43.36292152114144,2,0,-79.99017157612404,0,,
0.45,0.0,10,99.0,228.9675046772726,186.55771796595047,-12.15320230374401,-79.58134304802269,615.0171601731629,3,5,68,938.8078374646192,13.805997609773812,60.29411764705882,22,13,607.7353528957774,590.5161020563955,3,-130.08876456342432,-43.36292152114144,2,0,-79.99017157612404,0,,
0.45,0.0,12,1.7,60.04180321888886,105.78214643389995,-35.42644338470136,-66.06386540079572,337.03412856850866,3,5,15,401.3677694358004,26.757851295720027,73.33333333333333,10,6,125.25764139171764,195.93014440593873,2,-66.82831064903658,-33.41415532451829,2,1,-79.99017157612403,0,,
0.45,0.0,12,1.9,127.45045743964151,90.21969426577263,7.848063477355154,-184.91556250415394,476.8081230391332,4,5,25,517.4107757177485,20.696431028709938,68.0,16,9,162.58441415456116,379.278922707217,3,-130.08876456342432,-43.36292152114144,2,0,-79.99017157612404,0,,
0.45,0.0,12,2.2,184.2796680831595,150.7610582711123,1.0930194717002166,-191.4050527249095,460.89052167790595,4,5,32,605.6192147789684,18.925600461842762,65.625,17,9,250.79285321578107,467.4873617684369,3,-130.08876456342432,-43.36292152114144,2,0,-79.99017157612404,0,,
0.45,0.0,12,99.0,271.4238518704907,134.66747596185962,191.00737572429819,-191.4050527249095,600.7509283596154,4,5,50,1006.4445791913544,20.128891583827087,64.0,19,11,675.3720946225126,710.7266146774994,3,-130.08876456342432,-43.36292152114144,2,0,-79.99017157612404,0,,
0.45,0.0,13,1.7,60.04180321888886,105.78214643389995,-35.42644338470136,-66.06386540079572,337.03412856850866,3,5,15,401.3677694358004,26.757851295720027,73.33333333333333,10,6,125.25764139171764,195.93014440593873,2,-66.82831064903658,-33.41415532451829,2,1,-79.99017157612403,0,,
0.45,0.0,13,1.9,127.45045743964151,157.52546628510282,-46.432770291307065,-123.89483616054284,476.8081230391332,3,5,22,591.4564403120274,26.884383650546702,72.72727272727273,14,9,236.6300787488401,386.01881528216575,3,-130.08876456342432,-43.36292152114144,2,0,-79.99017157612404,0,,
0.45,0.0,13,2.2,184.2796680831595,218.0668302904425,-53.18781429696202,-130.3843263812984,460.89052167790595,3,5,29,679.6648793732473,23.43671997838784,68.96551724137932,16,10,324.83851781006,474.22725434338565,3,-130.08876456342432,-43.36292152114144,2,0,-79.99017157612404,0,,
0.45,0.0,13,99.0,345.1388025460751,208.12068898983327,72.64242252285706,-130.3843263812984,600.7509283596154,4,5,43,1096.2685160370825,25.494616652025172,67.44186046511628,18,10,765.1960314682408,838.2012341959799,3,-130.08876456342432,-43.36292152114144,2,0,-79.99017157612404,0,,
0.45,0.0,14,1.7,75.9121041289557,33.688029146630264,-35.42644338470136,-66.06386540079572,337.03412856850866,3,5,12,345.14395305859756,28.761996088216463,75.0,7,4,69.03382501451478,258.5120311694719,2,-66.82831064903658,-33.41415532451829,2,1,-79.99017157612403,0,,
0.45,0.0,14,1.9,143.32075834970834,85.43134899783314,-46.432770291307065,-66.06386540079572,476.8081230391332,3,5,18,593.063594694572,32.94797748303178,77.77777777777779,11,8,238.23723313138464,483.8936045166331,3,-130.08876456342432,-43.36292152114144,2,0,-79.99017157612404,0,,
0.45,0.0,14,2.2,200.1499689932263,145.9727130031728,-105.79506540922893,-72.55335562155128,460.89052167790595,3,5,24,628.6647826435249,26.194365943480204,70.83333333333334,14,8,273.8384210803375,506.72046135092734,3,-130.08876456342432,-43.36292152114144,2,0,-79.99017157612404,0,,
0.45,0.0,14,99.0,361.00910345614193,198.60236981441372,-42.553795701996826,-72.55335562155128,600.7509283596154,3,5,35,1045.2552503066229,29.86443572304637,71.42857142857143,17,11,714.1827657377812,813.6214052255468,3,-130.08876456342432,-43.36292152114144,2,0,-79.99017157612404,0,,
0.5,-0.003,10,1.7,31.94469486147228,72.09411728726968,31.396425149938274,-12.749644611841916,258.72401677618075,4,5,15,381.4096094630191,25.427307297534604,73.33333333333333,11,8,183.60959321126427,233.40338804679368,1,-79.99017157612403,-79.99017157612403,1,0,0.0,0,,
0.5,-0.003,10,1.9,164.35317164015538,118.66356454371909,74.67093201199478,-12.749644611841916,319.7817777277006,4,5,24,664.7198013117279,27.696658387988663,75.0,15,10,466.9197850599731,519.0195293569022,2,-143.25062549051177,-71.62531274525588,2,0,-79.99017157612403,0,,
0.5,-0.003,10,2.2,281.7917198229855,112.98548733832638,-57.94700334382418,-19.239134832597472,303.8641763664734,3,5,35,621.4552453513636,17.755864152896102,65.71428571428571,17,11,423.6552290996088,475.75497339653793,2,-143.25062549051177,-71.62531274525588,2,0,-79.99017157612403,0,,
0.5,-0.003,10,99.0,188.87821489548475,100.24003200807931,-87.76219609911504,39.270354055335545,372.6133319122909,4,5,54,613.2397367720755,11.356291421705102,59.25925925925925,21,11,399.40509009314496,329.03212079663075,2,-143.25062549051177,-71.62531274525588,2,0,-79.99017157612403,0,,
0.5,-0.003,12,1.7,2.6103996052525673,72.09411728726968,27.066220132017936,-66.06386540079572,258.72401677618075,4,5,11,294.43088839992515,26.766444399993194,72.72727272727273,8,5,96.63087214817034,146.42466698369975,1,-79.99017157612403,-79.99017157612403,1,0,0.0,0,,
0.5,-0.003,12,1.9,70.01905382600522,56.53166511914236,70.34072699407444,-66.06386540079572,319.7817777277006,4,5,18,450.6093582661269,25.03385323700705,72.22222222222221,13,8,252.80934201437208,341.43936808818796,2,-143.25062549051177,-71.62531274525588,2,0,-79.99017157612403,0,,
0.5,-0.003,12,2.2,126.8482644695232,117.07302912448203,63.5856829884195,-72.55335562155128,303.8641763664734,4,5,25,538.8177973273469,21.552711893093875,68.0,15,8,341.01778107559204,416.87347603474933,2,-143.25062549051177,-71.62531274525588,2,0,-79.99017157612403,0,,
0.5,-0.003,12,99.0,162.8379979910124,48.34979000398843,115.39838192892712,-72.55335562155128,320.03956101792215,4,5,38,574.0723753202988,15.10716777158681,60.526315789473685,18,9,400.02623606288955,342.4385302392227,2,-143.25062549051177,-71.62531274525588,2,0,-79.99017157612403,0,,
0.5,-0.003,13,1.7,2.6103996052525673,72.09411728726968,27.066220132017936,-66.06386540079572,258.72401677618075,4,5,11,294.43088839992515,26.766444399993194,72.72727272727273,8,5,96.63087214817034,146.42466698369975,1,-79.99017157612403,-79.99017157612403,1,0,0.0,0,,
0.5,-0.003,13,1.9,70.01905382600522,123.83743713847255,16.059893225412225,-66.06386540079572,319.7817777277006,4,5,16,463.63429651679485,28.977143532299678,75.0,12,8,265.83428026504004,315.62807510056945,2,-143.25062549051177,-71.62531274525588,2,0,-79.99017157612403,0,,
0.5,-0.003,13,2.2,126.8482644695232,184.37880114381224,9.304849219757273,-72.55335562155128,303.8641763664734,4,5,23,551.8427355780148,23.993162416435425,69.56521739130434,15,9,354.04271932625994,403.83651416178935,2,-143.25062549051177,-71.62531274525588,2,0,-79.99017157612403,0,,
0.5,-0.003,13,99.0,236.5529486665968,121.80300303196208,61.11754816026491,-72.55335562155128,320.03956101792215,4,5,33,666.9597052551946,20.21090015924832,63.63636363636363,18,10,492.91356599778544,435.3258601741186,2,-143.25062549051177,-71.62531274525588,2,0,-79.99017157612403,0,,
0.5,-0.003,14,1.7,75.9121041289557,,27.066220132017936,-66.06386540079572,258.72401677618075,3,4,9,295.63847563635863,32.84871951515096,77.77777777777779,6,4,97.83845938460382,219.72637150740292,1,-79.99017157612403,-79.99017157612403,1,0,0.0,0,,
0.5,-0.003,14,1.9,143.32075834970834,51.74331985120287,16.059893225412225,-66.06386540079572,319.7817777277006,4,5,14,464.8418837532284,33.20299169665917,78.57142857142857,10,7,267.0418675014736,355.67189357528946,2,-143.25062549051177,-71.62531274525588,2,0,-79.99017157612403,0,,
0.5,-0.003,14,2.2,200.1499689932263,112.28468385654254,-43.302401892509636,-72.55335562155128,303.8641763664734,3,5,20,500.4430717021814,25.02215358510907,70.0,13,8,302.6430554504266,378.49875040958386,2,-143.25062549051177,-71.62531274525588,2,0,-79.99017157612403,0,,
0.5,-0.003,14,99.0,309.8546531902999,112.28468385654254,19.938867814722464,-72.55335562155128,320.03956101792215,4,5,28,689.5644102579358,24.627300366354852,67.85714285714286,16,10,515.5182710005266,457.9305651768598,2,-143.25062549051177,-71.62531274525588,2,0,-79.99017157612403,0,,
0.5,-0.002,10,1.7,31.94469486147228,72.09411728726968,31.396425149938274,-12.749644611841916,258.72401677618075,4,5,15,381.4096094630191,25.427307297534604,73.33333333333333,11,8,183.60959321126427,233.40338804679368,1,-79.99017157612403,-79.99017157612403,1,0,0.0,0,,
0.5,-0.002,10,1.9,164.35317164015538,118.66356454371909,74.67093201199478,-12.749644611841916,319.7817777277006,4,5,24,664.7198013117279,27.696658387988663,75.0,15,10,466.9197850599731,519.0195293569022,2,-143.25062549051177,-71.62531274525588,2,0,-79.99017157612403,0,,
0.5,-0.002,10,2.2,281.7917198229855,112.98548733832638,-57.94700334382418,-19.239134832597472,303.8641763664734,3,5,35,621.4552453513636,17.755864152896102,65.71428571428571,17,11,423.6552290996088,475.75497339653793,2,-143.25062549051177,-71.62531274525588,2,0,-79.99017157612403,0,,
0.5,-0.002,10,99.0,188.87821489548475,100.24003200807931,-87.76219609911504,39.270354055335545,372.6133319122909,4,5,54,613.2397367720755,11.356291421705102,59.25925925925925,21,11,399.40509009314496,329.03212079663075,2,-143.25062549051177,-71.62531274525588,2,0,-79.99017157612403,0,,
0.5,-0.002,12,1.7,2.6103996052525673,72.09411728726968,27.066220132017936,-66.06386540079572,258.72401677618075,4,5,11,294.43088839992515,26.766444399993194,72.72727272727273,8,5,96.63087214817034,146.42466698369975,1,-79.99017157612403,-79.99017157612403,1,0,0.0,0,,
0.5,-0.002,12,1.9,70.01905382600522,56.53166511914236,70.34072699407444,-66.06386540079572,319.7817777277006,4,5,18,450.6093582661269,25.03385323700705,72.22222222222221,13,8,252.80934201437208,341.43936808818796,2,-143.25062549051177,-71.62531274525588,2,0,-79.99017157612403,0,,
0.5,-0.002,12,2.2,126.8482644695232,117.07302912448203,63.5856829884195,-72.55335562155128,303.8641763664734,4,5,25,538.8177973273469,21.552711893093875,68.0,15,8,341.01778107559204,416.87347603474933,2,-143.25062549051177,-71.62531274525588,2,0,-79.99017157612403,0,,
0.5,-0.002,12,99.0,162.8379979910124,48.34979000398843,115.39838192892712,-72.55335562155128,320.03956101792215,4,5,38,574.0723753202988,15.10716777158681,60.526315789473685,18,9,400.02623606288955,342.4385302392227,2,-143.25062549051177,-71.62531274525588,2,0,-79.99017157612403,0,,
0.5,-0.002,13,1.7,2.6103996052525673,72.09411728726968,27.066220132017936,-66.06386540079572,258.72401677618075,4,5,11,294.43088839992515,26.766444399993194,72.72727272727273,8,5,96.63087214817034,146.42466698369975,1,-79.99017157612403,-79.99017157612403,1,0,0.0,0,,
0.5,-0.002,13,1.9,70.01905382600522,123.83743713847255,16.059893225412225,-66.06386540079572,319.7817777277006,4,5,16,463.63429651679485,28.977143532299678,75.0,12,8,265.83428026504004,315.62807510056945,2,-143.25062549051177,-71.62531274525588,2,0,-79.99017157612403,0,,
0.5,-0.002,13,2.2,126.8482644695232,184.37880114381224,9.304849219757273,-72.55335562155128,303.8641763664734,4,5,23,551.8427355780148,23.993162416435425,69.56521739130434,15,9,354.04271932625994,403.83651416178935,2,-143.25062549051177,-71.62531274525588,2,0,-79.99017157612403,0,,
0.5,-0.002,13,99.0,236.5529486665968,121.80300303196208,61.11754816026491,-72.55335562155128,320.03956101792215,4,5,33,666.9597052551946,20.21090015924832,63.63636363636363,18,10,492.91356599778544,435.3258601741186,2,-143.25062549051177,-71.62531274525588,2,0,-79.99017157612403,0,,
0.5,-0.002,14,1.7,75.9121041289557,,27.066220132017936,-66.06386540079572,258.72401677618075,3,4,9,295.63847563635863,32.84871951515096,77.77777777777779,6,4,97.83845938460382,219.72637150740292,1,-79.99017157612403,-79.99017157612403,1,0,0.0,0,,
0.5,-0.002,14,1.9,143.32075834970834,51.74331985120287,16.059893225412225,-66.06386540079572,319.7817777277006,4,5,14,464.8418837532284,33.20299169665917,78.57142857142857,10,7,267.0418675014736,355.67189357528946,2,-143.25062549051177,-71.62531274525588,2,0,-79.99017157612403,0,,
0.5,-0.002,14,2.2,200.1499689932263,112.28468385654254,-43.302401892509636,-72.55335562155128,303.8641763664734,3,5,20,500.4430717021814,25.02215358510907,70.0,13,8,302.6430554504266,378.49875040958386,2,-143.25062549051177,-71.62531274525588,2,0,-79.99017157612403,0,,
0.5,-0.002,14,99.0,309.8546531902999,112.28468385654254,19.938867814722464,-72.55335562155128,320.03956101792215,4,5,28,689.5644102579358,24.627300366354852,67.85714285714286,16,10,515.5182710005266,457.9305651768598,2,-143.25062549051177,-71.62531274525588,2,0,-79.99017157612403,0,,
0.5,-0.001,10,1.7,31.94469486147228,72.09411728726968,31.396425149938274,-12.749644611841916,258.72401677618075,4,5,15,381.4096094630191,25.427307297534604,73.33333333333333,11,8,183.60959321126427,233.40338804679368,1,-79.99017157612403,-79.99017157612403,1,0,0.0,0,,
0.5,-0.001,10,1.9,164.35317164015538,118.66356454371909,74.67093201199478,-12.749644611841916,319.7817777277006,4,5,24,664.7198013117279,27.696658387988663,75.0,15,10,466.9197850599731,519.0195293569022,2,-143.25062549051177,-71.62531274525588,2,0,-79.99017157612403,0,,
0.5,-0.001,10,2.2,281.7917198229855,112.98548733832638,-57.94700334382418,-19.239134832597472,303.8641763664734,3,5,35,621.4552453513636,17.755864152896102,65.71428571428571,17,11,423.6552290996088,475.75497339653793,2,-143.25062549051177,-71.62531274525588,2,0,-79.99017157612403,0,,
0.5,-0.001,10,99.0,188.87821489548475,100.24003200807931,-87.76219609911504,39.270354055335545,372.6133319122909,4,5,54,613.2397367720755,11.356291421705102,59.25925925925925,21,11,399.40509009314496,329.03212079663075,2,-143.25062549051177,-71.62531274525588,2,0,-79.99017157612403,0,,
0.5,-0.001,12,1.7,2.6103996052525673,72.09411728726968,27.066220132017936,-66.06386540079572,258.72401677618075,4,5,11,294.43088839992515,26.766444399993194,72.72727272727273,8,5,96.63087214817034,146.42466698369975,1,-79.99017157612403,-79.99017157612403,1,0,0.0,0,,
0.5,-0.001,12,1.9,70.01905382600522,56.53166511914236,70.34072699407444,-66.06386540079572,319.7817777277006,4,5,18,450.6093582661269,25.03385323700705,72.22222222222221,13,8,252.80934201437208,341.43936808818796,2,-143.25062549051177,-71.62531274525588,2,0,-79.99017157612403,0,,
0.5,-0.001,12,2.2,126.8482644695232,117.07302912448203,63.5856829884195,-72.55335562155128,303.8641763664734,4,5,25,538.8177973273469,21.552711893093875,68.0,15,8,341.01778107559204,416.87347603474933,2,-143.25062549051177,-71.62531274525588,2,0,-79.99017157612403,0,,
0.5,-0.001,12,99.0,162.8379979910124,48.34979000398843,115.39838192892712,-72.55335562155128,320.03956101792215,4,5,38,574.0723753202988,15.10716777158681,60.526315789473685,18,9,400.02623606288955,342.4385302392227,2,-143.25062549051177,-71.62531274525588,2,0,-79.99017157612403,0,,
0.5,-0.001,13,1.7,2.6103996052525673,72.09411728726968,27.066220132017936,-66.06386540079572,258.72401677618075,4,5,11,294.43088839992515,26.766444399993194,72.72727272727273,8,5,96.63087214817034,146.42466698369975,1,-79.99017157612403,-79.99017157612403,1,0,0.0,0,,
0.5,-0.001,13,1.9,70.01905382600522,123.83743713847255,16.059893225412225,-66.06386540079572,319.7817777277006,4,5,16,463.63429651679485,28.977143532299678,75.0,12,8,265.83428026504004,315.62807510056945,2,-143.25062549051177,-71.62531274525588,2,0,-79.99017157612403,0,,
0.5,-0.001,13,2.2,126.8482644695232,184.37880114381224,9.304849219757273,-72.55335562155128,303.8641763664734,4,5,23,551.8427355780148,23.993162416435425,69.56521739130434,15,9,354.04271932625994,403.83651416178935,2,-143.25062549051177,-71.62531274525588,2,0,-79.99017157612403,0,,
0.5,-0.001,13,99.0,236.5529486665968,121.80300303196208,61.11754816026491,-72.55335562155128,320.03956101792215,4,5,33,666.9597052551946,20.21090015924832,63.63636363636363,18,10,492.91356599778544,435.3258601741186,2,-143.25062549051177,-71.62531274525588,2,0,-79.99017157612403,0,,
0.5,-0.001,14,1.7,75.9121041289557,,27.066220132017936,-66.06386540079572,258.72401677618075,3,4,9,295.63847563635863,32.84871951515096,77.77777777777779,6,4,97.83845938460382,219.72637150740292,1,-79.99017157612403,-79.99017157612403,1,0,0.0,0,,
0.5,-0.001,14,1.9,143.32075834970834,51.74331985120287,16.059893225412225,-66.06386540079572,319.7817777277006,4,5,14,464.8418837532284,33.20299169665917,78.57142857142857,10,7,267.0418675014736,355.67189357528946,2,-143.25062549051177,-71.62531274525588,2,0,-79.99017157612403,0,,
0.5,-0.001,14,2.2,200.1499689932263,112.28468385654254,-43.302401892509636,-72.55335562155128,303.8641763664734,3,5,20,500.4430717021814,25.02215358510907,70.0,13,8,302.6430554504266,378.49875040958386,2,-143.25062549051177,-71.62531274525588,2,0,-79.99017157612403,0,,
0.5,-0.001,14,99.0,309.8546531902999,112.28468385654254,19.938867814722464,-72.55335562155128,320.03956101792215,4,5,28,689.5644102579358,24.627300366354852,67.85714285714286,16,10,515.5182710005266,457.9305651768598,2,-143.25062549051177,-71.62531274525588,2,0,-79.99017157612403,0,,
0.5,0.0,10,1.7,31.94469486147228,72.09411728726968,31.396425149938274,-12.749644611841916,258.72401677618075,4,5,15,381.4096094630191,25.427307297534604,73.33333333333333,11,8,183.60959321126427,233.40338804679368,1,-79.99017157612403,-79.99017157612403,1,0,0.0,0,,
0.5,0.0,10,1.9,164.35317164015538,118.66356454371909,74.67093201199478,-12.749644611841916,319.7817777277006,4,5,24,664.7198013117279,27.696658387988663,75.0,15,10,466.9197850599731,519.0195293569022,2,-143.25062549051177,-71.62531274525588,2,0,-79.99017157612403,0,,
0.5,0.0,10,2.2,281.7917198229855,112.98548733832638,-57.94700334382418,-19.239134832597472,303.8641763664734,3,5,35,621.4552453513636,17.755864152896102,65.71428571428571,17,11,423.6552290996088,475.75497339653793,2,-143.25062549051177,-71.62531274525588,2,0,-79.99017157612403,0,,
0.5,0.0,10,99.0,188.87821489548475,100.24003200807931,-87.76219609911504,39.270354055335545,372.6133319122909,4,5,54,613.2397367720755,11.356291421705102,59.25925925925925,21,11,399.40509009314496,329.03212079663075,2,-143.25062549051177,-71.62531274525588,2,0,-79.99017157612403,0,,
0.5,0.0,12,1.7,2.6103996052525673,72.09411728726968,27.066220132017936,-66.06386540079572,258.72401677618075,4,5,11,294.43088839992515,26.766444399993194,72.72727272727273,8,5,96.63087214817034,146.42466698369975,1,-79.99017157612403,-79.99017157612403,1,0,0.0,0,,
0.5,0.0,12,1.9,70.01905382600522,56.53166511914236,70.34072699407444,-66.06386540079572,319.7817777277006,4,5,18,450.6093582661269,25.03385323700705,72.22222222222221,13,8,252.80934201437208,341.43936808818796,2,-143.25062549051177,-71.62531274525588,2,0,-79.99017157612403,0,,
0.5,0.0,12,2.2,126.8482644695232,117.07302912448203,63.5856829884195,-72.55335562155128,303.8641763664734,4,5,25,538.8177973273469,21.552711893093875,68.0,15,8,341.01778107559204,416.87347603474933,2,-143.25062549051177,-71.62531274525588,2,0,-79.99017157612403,0,,
0.5,0.0,12,99.0,162.8379979910124,48.34979000398843,115.39838192892712,-72.55335562155128,320.03956101792215,4,5,38,574.0723753202988,15.10716777158681,60.526315789473685,18,9,400.02623606288955,342.4385302392227,2,-143.25062549051177,-71.62531274525588,2,0,-79.99017157612403,0,,
0.5,0.0,13,1.7,2.6103996052525673,72.09411728726968,27.066220132017936,-66.06386540079572,258.72401677618075,4,5,11,294.43088839992515,26.766444399993194,72.72727272727273,8,5,96.63087214817034,146.42466698369975,1,-79.99017157612403,-79.99017157612403,1,0,0.0,0,,
0.5,0.0,13,1.9,70.01905382600522,123.83743713847255,16.059893225412225,-66.06386540079572,319.7817777277006,4,5,16,463.63429651679485,28.977143532299678,75.0,12,8,265.83428026504004,315.62807510056945,2,-143.25062549051177,-71.62531274525588,2,0,-79.99017157612403,0,,
0.5,0.0,13,2.2,126.8482644695232,184.37880114381224,9.304849219757273,-72.55335562155128,303.8641763664734,4,5,23,551.8427355780148,23.993162416435425,69.56521739130434,15,9,354.04271932625994,403.83651416178935,2,-143.25062549051177,-71.62531274525588,2,0,-79.99017157612403,0,,
0.5,0.0,13,99.0,236.5529486665968,121.80300303196208,61.11754816026491,-72.55335562155128,320.03956101792215,4,5,33,666.9597052551946,20.21090015924832,63.63636363636363,18,10,492.91356599778544,435.3258601741186,2,-143.25062549051177,-71.62531274525588,2,0,-79.99017157612403,0,,
0.5,0.0,14,1.7,75.9121041289557,,27.066220132017936,-66.06386540079572,258.72401677618075,3,4,9,295.63847563635863,32.84871951515096,77.77777777777779,6,4,97.83845938460382,219.72637150740292,1,-79.99017157612403,-79.99017157612403,1,0,0.0,0,,
0.5,0.0,14,1.9,143.32075834970834,51.74331985120287,16.059893225412225,-66.06386540079572,319.7817777277006,4,5,14,464.8418837532284,33.20299169665917,78.57142857142857,10,7,267.0418675014736,355.67189357528946,2,-143.25062549051177,-71.62531274525588,2,0,-79.99017157612403,0,,
0.5,0.0,14,2.2,200.1499689932263,112.28468385654254,-43.302401892509636,-72.55335562155128,303.8641763664734,3,5,20,500.4430717021814,25.02215358510907,70.0,13,8,302.6430554504266,378.49875040958386,2,-143.25062549051177,-71.62531274525588,2,0,-79.99017157612403,0,,
0.5,0.0,14,99.0,309.8546531902999,112.28468385654254,19.938867814722464,-72.55335562155128,320.03956101792215,4,5,28,689.5644102579358,24.627300366354852,67.85714285714286,16,10,515.5182710005266,457.9305651768598,2,-143.25062549051177,-71.62531274525588,2,0,-79.99017157612403,0,,
0.55,-0.003,10,1.7,-43.967409267483426,72.09411728726968,57.274097760415735,53.314220788953804,140.37334592501878,4,5,10,279.08837249417456,27.908837249417456,80.0,7,6,138.71502656915578,197.11177846996134,0,,,0,0,,0,,
0.55,-0.003,10,1.9,-43.967409267483426,118.66356454371909,-7.960743257475762,53.314220788953804,140.37334592501878,3,5,14,260.42297873273253,18.601641338052325,71.42857142857143,10,7,120.04963280771375,178.4463847085193,1,-63.26045391438773,-63.26045391438773,1,0,0.0,0,,
0.55,-0.003,10,2.2,-43.967409267483426,52.444123332986706,-81.21638349537287,53.314220788953804,124.45574456379151,3,5,20,105.03029592287572,5.251514796143786,60.0,12,8,-35.34305000214306,23.053701898662496,1,-63.26045391438773,-63.26045391438773,1,0,0.0,0,,
0.55,-0.003,10,99.0,6.394873802919591,52.444123332986706,-174.27284595789578,111.82370967688682,177.02951545816026,4,5,27,173.41937631305754,6.422939863446576,59.25925925925925,15,9,33.04603038803876,-46.629453480940754,1,-63.26045391438773,-63.26045391438773,1,0,0.0,0,,
0.55,-0.003,12,1.7,-73.30170452370314,72.09411728726968,52.94389274249539,,140.37334592501878,3,4,6,192.10965143108072,32.01827523851345,83.33333333333334,4,3,51.73630550606194,120.01553414381104,0,,,0,0,,0,,
0.55,-0.003,12,1.9,-73.30170452370314,56.53166511914236,-12.290948275396104,,140.37334592501878,2,4,9,111.3123582450619,12.368039805006878,66.66666666666666,7,4,-29.06098767995688,40.533041140945485,1,-63.26045391438773,-63.26045391438773,1,0,0.0,0,,
0.55,-0.003,12,2.2,-73.30170452370314,56.53166511914236,40.316302836870825,,124.45574456379151,3,4,12,148.00200799610155,12.333500666341797,66.66666666666666,9,5,7.628662071082772,77.22269089198514,1,-63.26045391438773,-63.26045391438773,1,0,0.0,0,,
0.55,-0.003,12,99.0,42.43003452472354,56.53166511914236,28.88773207014635,,124.45574456379151,4,4,15,252.30517627780378,16.82034508518692,66.66666666666666,12,7,111.931830352785,84.83011737817424,1,-63.26045391438773,-63.26045391438773,1,0,0.0,0,,
0.55,-0.003,13,1.7,-73.30170452370314,72.09411728726968,52.94389274249539,,140.37334592501878,3,4,6,192.10965143108072,32.01827523851345,83.33333333333334,4,3,51.73630550606194,120.01553414381104,0,,,0,0,,0,,
0.55,-0.003,13,1.9,-73.30170452370314,123.83743713847255,-12.290948275396104,,140.37334592501878,2,4,8,178.6181302643921,22.327266283049013,75.0,6,4,38.244784339373325,106.52401297712242,1,-63.26045391438773,-63.26045391438773,1,0,0.0,0,,
0.55,-0.003,13,2.2,-73.30170452370314,123.83743713847255,40.316302836870825,,124.45574456379151,3,4,11,215.30778001543177,19.573434546857435,72.72727272727273,8,5,74.93443409041299,143.2136627281621,1,-63.26045391438773,-63.26045391438773,1,0,0.0,0,,
0.55,-0.003,13,99.0,42.43003452472354,123.83743713847255,28.88773207014635,,124.45574456379151,4,4,14,319.610948297134,22.829353449795285,71.42857142857143,11,7,179.2376023721152,152.13588939750443,1,-63.26045391438773,-63.26045391438773,1,0,0.0,0,,
0.55,-0.003,14,1.7,,,52.94389274249539,,140.37334592501878,2,2,4,193.31723866751418,48.329309666878544,100.0,2,2,52.94389274249539,122.53792156339776,0,,,0,0,,0,,
0.55,-0.003,14,1.9,,51.74331985120287,-12.290948275396104,,140.37334592501878,2,3,6,179.82571750082553,29.970952916804254,83.33333333333334,4,3,39.45237157580675,109.04640039670912,1,-63.26045391438773,-63.26045391438773,1,0,0.0,0,,
0.55,-0.003,14,2.2,,51.74331985120287,-12.290948275396104,,124.45574456379151,2,3,8,163.9081161395983,20.488514517449786,75.0,6,4,23.53477021457951,93.12879903548188,1,-63.26045391438773,-63.26045391438773,1,0,0.0,0,,
0.55,-0.003,14,99.0,115.73173904842668,51.74331985120287,-12.290948275396104,,124.45574456379151,3,4,10,279.63985518802497,27.963985518802495,80.0,8,6,139.26650926300618,112.16479628839542,1,-63.26045391438773,-63.26045391438773,1,0,0.0,0,,
0.55,-0.002,10,1.7,-43.967409267483426,72.09411728726968,57.274097760415735,53.314220788953804,140.37334592501878,4,5,10,279.08837249417456,27.908837249417456,80.0,7,6,138.71502656915578,197.11177846996134,0,,,0,0,,0,,
0.55,-0.002,10,1.9,-43.967409267483426,118.66356454371909,-7.960743257475762,53.314220788953804,140.37334592501878,3,5,14,260.42297873273253,18.601641338052325,71.42857142857143,10,7,120.04963280771375,178.4463847085193,1,-63.26045391438773,-63.26045391438773,1,0,0.0,0,,
0.55,-0.002,10,2.2,-43.967409267483426,52.444123332986706,-81.21638349537287,53.314220788953804,124.45574456379151,3,5,20,105.03029592287572,5.251514796143786,60.0,12,8,-35.34305000214306,23.053701898662496,1,-63.26045391438773,-63.26045391438773,1,0,0.0,0,,
0.55,-0.002,10,99.0,6.394873802919591,52.444123332986706,-174.27284595789578,111.82370967688682,177.02951545816026,4,5,27,173.41937631305754,6.422939863446576,59.25925925925925,15,9,33.04603038803876,-46.629453480940754,1,-63.26045391438773,-63.26045391438773,1,0,0.0,0,,
0.55,-0.002,12,1.7,-73.30170452370314,72.09411728726968,52.94389274249539,,140.37334592501878,3,4,6,192.10965143108072,32.01827523851345,83.33333333333334,4,3,51.73630550606194,120.01553414381104,0,,,0,0,,0,,
0.55,-0.002,12,1.9,-73.30170452370314,56.53166511914236,-12.290948275396104,,140.37334592501878,2,4,9,111.3123582450619,12.368039805006878,66.66666666666666,7,4,-29.06098767995688,40.533041140945485,1,-63.26045391438773,-63.26045391438773,1,0,0.0,0,,
0.55,-0.002,12,2.2,-73.30170452370314,56.53166511914236,40.316302836870825,,124.45574456379151,3,4,12,148.00200799610155,12.333500666341797,66.66666666666666,9,5,7.628662071082772,77.22269089198514,1,-63.26045391438773,-63.26045391438773,1,0,0.0,0,,
0.55,-0.002,12,99.0,42.43003452472354,56.53166511914236,28.88773207014635,,124.45574456379151,4,4,15,252.30517627780378,16.82034508518692,66.66666666666666,12,7,111.931830352785,84.83011737817424,1,-63.26045391438773,-63.26045391438773,1,0,0.0,0,,
0.55,-0.002,13,1.7,-73.30170452370314,72.09411728726968,52.94389274249539,,140.37334592501878,3,4,6,192.10965143108072,32.01827523851345,83.33333333333334,4,3,51.73630550606194,120.01553414381104,0,,,0,0,,0,,
0.55,-0.002,13,1.9,-73.30170452370314,123.83743713847255,-12.290948275396104,,140.37334592501878,2,4,8,178.6181302643921,22.327266283049013,75.0,6,4,38.244784339373325,106.52401297712242,1,-63.26045391438773,-63.26045391438773,1,0,0.0,0,,
0.55,-0.002,13,2.2,-73.30170452370314,123.83743713847255,40.316302836870825,,124.45574456379151,3,4,11,215.30778001543177,19.573434546857435,72.72727272727273,8,5,74.93443409041299,143.2136627281621,1,-63.26045391438773,-63.26045391438773,1,0,0.0,0,,
0.55,-0.002,13,99.0,42.43003452472354,123.83743713847255,28.88773207014635,,124.45574456379151,4,4,14,319.610948297134,22.829353449795285,71.42857142857143,11,7,179.2376023721152,152.13588939750443,1,-63.26045391438773,-63.26045391438773,1,0,0.0,0,,
0.55,-0.002,14,1.7,,,52.94389274249539,,140.37334592501878,2,2,4,193.31723866751418,48.329309666878544,100.0,2,2,52.94389274249539,122.53792156339776,0,,,0,0,,0,,
0.55,-0.002,14,1.9,,51.74331985120287,-12.290948275396104,,140.37334592501878,2,3,6,179.82571750082553,29.970952916804254,83.33333333333334,4,3,39.45237157580675,109.04640039670912,1,-63.26045391438773,-63.26045391438773,1,0,0.0,0,,
0.55,-0.002,14,2.2,,51.74331985120287,-12.290948275396104,,124.45574456379151,2,3,8,163.9081161395983,20.488514517449786,75.0,6,4,23.53477021457951,93.12879903548188,1,-63.26045391438773,-63.26045391438773,1,0,0.0,0,,
0.55,-0.002,14,99.0,115.73173904842668,51.74331985120287,-12.290948275396104,,124.45574456379151,3,4,10,279.63985518802497,27.963985518802495,80.0,8,6,139.26650926300618,112.16479628839542,1,-63.26045391438773,-63.26045391438773,1,0,0.0,0,,
0.55,-0.001,10,1.7,-43.967409267483426,72.09411728726968,57.274097760415735,53.314220788953804,140.37334592501878,4,5,10,279.08837249417456,27.908837249417456,80.0,7,6,138.71502656915578,197.11177846996134,0,,,0,0,,0,,
0.55,-0.001,10,1.9,-43.967409267483426,118.66356454371909,-7.960743257475762,53.314220788953804,140.37334592501878,3,5,14,260.42297873273253,18.601641338052325,71.42857142857143,10,7,120.04963280771375,178.4463847085193,1,-63.26045391438773,-63.26045391438773,1,0,0.0,0,,
0.55,-0.001,10,2.2,-43.967409267483426,52.444123332986706,-81.21638349537287,53.314220788953804,124.45574456379151,3,5,20,105.03029592287572,5.251514796143786,60.0,12,8,-35.34305000214306,23.053701898662496,1,-63.26045391438773,-63.26045391438773,1,0,0.0,0,,
0.55,-0.001,10,99.0,6.394873802919591,52.444123332986706,-174.27284595789578,111.82370967688682,177.02951545816026,4,5,27,173.41937631305754,6.422939863446576,59.25925925925925,15,9,33.04603038803876,-46.629453480940754,1,-63.26045391438773,-63.26045391438773,1,0,0.0,0,,
0.55,-0.001,12,1.7,-73.30170452370314,72.09411728726968,52.94389274249539,,140.37334592501878,3,4,6,192.10965143108072,32.01827523851345,83.33333333333334,4,3,51.73630550606194,120.01553414381104,0,,,0,0,,0,,
0.55,-0.001,12,1.9,-73.30170452370314,56.53166511914236,-12.290948275396104,,140.37334592501878,2,4,9,111.3123582450619,12.368039805006878,66.66666666666666,7,4,-29.06098767995688,40.533041140945485,1,-63.26045391438773,-63.26045391438773,1,0,0.0,0,,
0.55,-0.001,12,2.2,-73.30170452370314,56.53166511914236,40.316302836870825,,124.45574456379151,3,4,12,148.00200799610155,12.333500666341797,66.66666666666666,9,5,7.628662071082772,77.22269089198514,1,-63.26045391438773,-63.26045391438773,1,0,0.0,0,,
0.55,-0.001,12,99.0,42.43003452472354,56.53166511914236,28.88773207014635,,124.45574456379151,4,4,15,252.30517627780378,16.82034508518692,66.66666666666666,12,7,111.931830352785,84.83011737817424,1,-63.26045391438773,-63.26045391438773,1,0,0.0,0,,
0.55,-0.001,13,1.7,-73.30170452370314,72.09411728726968,52.94389274249539,,140.37334592501878,3,4,6,192.10965143108072,32.01827523851345,83.33333333333334,4,3,51.73630550606194,120.01553414381104,0,,,0,0,,0,,
0.55,-0.001,13,1.9,-73.30170452370314,123.83743713847255,-12.290948275396104,,140.37334592501878,2,4,8,178.6181302643921,22.327266283049013,75.0,6,4,38.244784339373325,106.52401297712242,1,-63.26045391438773,-63.26045391438773,1,0,0.0,0,,
0.55,-0.001,13,2.2,-73.30170452370314,123.83743713847255,40.316302836870825,,124.45574456379151,3,4,11,215.30778001543177,19.573434546857435,72.72727272727273,8,5,74.93443409041299,143.2136627281621,1,-63.26045391438773,-63.26045391438773,1,0,0.0,0,,
0.55,-0.001,13,99.0,42.43003452472354,123.83743713847255,28.88773207014635,,124.45574456379151,4,4,14,319.610948297134,22.829353449795285,71.42857142857143,11,7,179.2376023721152,152.13588939750443,1,-63.26045391438773,-63.26045391438773,1,0,0.0,0,,
0.55,-0.001,14,1.7,,,52.94389274249539,,140.37334592501878,2,2,4,193.31723866751418,48.329309666878544,100.0,2,2,52.94389274249539,122.53792156339776,0,,,0,0,,0,,
0.55,-0.001,14,1.9,,51.74331985120287,-12.290948275396104,,140.37334592501878,2,3,6,179.82571750082553,29.970952916804254,83.33333333333334,4,3,39.45237157580675,109.04640039670912,1,-63.26045391438773,-63.26045391438773,1,0,0.0,0,,
0.55,-0.001,14,2.2,,51.74331985120287,-12.290948275396104,,124.45574456379151,2,3,8,163.9081161395983,20.488514517449786,75.0,6,4,23.53477021457951,93.12879903548188,1,-63.26045391438773,-63.26045391438773,1,0,0.0,0,,
0.55,-0.001,14,99.0,115.73173904842668,51.74331985120287,-12.290948275396104,,124.45574456379151,3,4,10,279.63985518802497,27.963985518802495,80.0,8,6,139.26650926300618,112.16479628839542,1,-63.26045391438773,-63.26045391438773,1,0,0.0,0,,
0.55,0.0,10,1.7,-43.967409267483426,72.09411728726968,57.274097760415735,53.314220788953804,140.37334592501878,4,5,10,279.08837249417456,27.908837249417456,80.0,7,6,138.71502656915578,197.11177846996134,0,,,0,0,,0,,
0.55,0.0,10,1.9,-43.967409267483426,118.66356454371909,-7.960743257475762,53.314220788953804,140.37334592501878,3,5,14,260.42297873273253,18.601641338052325,71.42857142857143,10,7,120.04963280771375,178.4463847085193,1,-63.26045391438773,-63.26045391438773,1,0,0.0,0,,
0.55,0.0,10,2.2,-43.967409267483426,52.444123332986706,-81.21638349537287,53.314220788953804,124.45574456379151,3,5,20,105.03029592287572,5.251514796143786,60.0,12,8,-35.34305000214306,23.053701898662496,1,-63.26045391438773,-63.26045391438773,1,0,0.0,0,,
0.55,0.0,10,99.0,6.394873802919591,52.444123332986706,-174.27284595789578,111.82370967688682,177.02951545816026,4,5,27,173.41937631305754,6.422939863446576,59.25925925925925,15,9,33.04603038803876,-46.629453480940754,1,-63.26045391438773,-63.26045391438773,1,0,0.0,0,,
0.55,0.0,12,1.7,-73.30170452370314,72.09411728726968,52.94389274249539,,140.37334592501878,3,4,6,192.10965143108072,32.01827523851345,83.33333333333334,4,3,51.73630550606194,120.01553414381104,0,,,0,0,,0,,
0.55,0.0,12,1.9,-73.30170452370314,56.53166511914236,-12.290948275396104,,140.37334592501878,2,4,9,111.3123582450619,12.368039805006878,66.66666666666666,7,4,-29.06098767995688,40.533041140945485,1,-63.26045391438773,-63.26045391438773,1,0,0.0,0,,
0.55,0.0,12,2.2,-73.30170452370314,56.53166511914236,40.316302836870825,,124.45574456379151,3,4,12,148.00200799610155,12.333500666341797,66.66666666666666,9,5,7.628662071082772,77.22269089198514,1,-63.26045391438773,-63.26045391438773,1,0,0.0,0,,
0.55,0.0,12,99.0,42.43003452472354,56.53166511914236,28.88773207014635,,124.45574456379151,4,4,15,252.30517627780378,16.82034508518692,66.66666666666666,12,7,111.931830352785,84.83011737817424,1,-63.26045391438773,-63.26045391438773,1,0,0.0,0,,
0.55,0.0,13,1.7,-73.30170452370314,72.09411728726968,52.94389274249539,,140.37334592501878,3,4,6,192.10965143108072,32.01827523851345,83.33333333333334,4,3,51.73630550606194,120.01553414381104,0,,,0,0,,0,,
0.55,0.0,13,1.9,-73.30170452370314,123.83743713847255,-12.290948275396104,,140.37334592501878,2,4,8,178.6181302643921,22.327266283049013,75.0,6,4,38.244784339373325,106.52401297712242,1,-63.26045391438773,-63.26045391438773,1,0,0.0,0,,
0.55,0.0,13,2.2,-73.30170452370314,123.83743713847255,40.316302836870825,,124.45574456379151,3,4,11,215.30778001543177,19.573434546857435,72.72727272727273,8,5,74.93443409041299,143.2136627281621,1,-63.26045391438773,-63.26045391438773,1,0,0.0,0,,
0.55,0.0,13,99.0,42.43003452472354,123.83743713847255,28.88773207014635,,124.45574456379151,4,4,14,319.610948297134,22.829353449795285,71.42857142857143,11,7,179.2376023721152,152.13588939750443,1,-63.26045391438773,-63.26045391438773,1,0,0.0,0,,
0.55,0.0,14,1.7,,,52.94389274249539,,140.37334592501878,2,2,4,193.31723866751418,48.329309666878544,100.0,2,2,52.94389274249539,122.53792156339776,0,,,0,0,,0,,
0.55,0.0,14,1.9,,51.74331985120287,-12.290948275396104,,140.37334592501878,2,3,6,179.82571750082553,29.970952916804254,83.33333333333334,4,3,39.45237157580675,109.04640039670912,1,-63.26045391438773,-63.26045391438773,1,0,0.0,0,,
0.55,0.0,14,2.2,,51.74331985120287,-12.290948275396104,,124.45574456379151,2,3,8,163.9081161395983,20.488514517449786,75.0,6,4,23.53477021457951,93.12879903548188,1,-63.26045391438773,-63.26045391438773,1,0,0.0,0,,
0.55,0.0,14,99.0,115.73173904842668,51.74331985120287,-12.290948275396104,,124.45574456379151,3,4,10,279.63985518802497,27.963985518802495,80.0,8,6,139.26650926300618,112.16479628839542,1,-63.26045391438773,-63.26045391438773,1,0,0.0,0,,
