strategy,horizon,threshold,breadth,direction,top_n,W1_trades,W1_net,W1_mean,W2_trades,W2_net,W2_mean,W3_trades,W3_net,W3_mean,pre_trades,pre_net,pre_mean,pre_median,pre_wr,pre_windows,pre_positive_windows,pre_without_best_day,pre_without_best_ticker,fwd_trades,fwd_net,fwd_mean,fwd_median,fwd_wr,fwd_days,fwd_positive_days,fwd_without_best_day,fwd_without_best_ticker
MR,60,1.3,NO_BROAD_070,LONG,999,97,-2645.7128684952536,-27.275390396858285,56,1228.9409495159061,21.945374098498323,75,457.72890097119466,6.103052012949262,228,-959.0430180081528,-4.206329026351547,-4.172919194891437,46.49122807017544,3,2,-1673.337924534988,-1276.152760277795,26,-318.94618923158436,-12.267161124291706,-20.978787160711512,34.61538461538461,4,0,-284.2707920341248,-396.23099299925263
MR,60,1.3,NO_BROAD_070,LONG,3,97,-2645.7128684952536,-27.275390396858285,56,1228.9409495159061,21.945374098498323,75,457.7289009711947,6.103052012949263,228,-959.0430180081528,-4.206329026351547,-4.172919194891437,46.49122807017544,3,2,-1673.3379245349881,-1276.152760277795,26,-318.9461892315843,-12.267161124291704,-20.978787160711512,34.61538461538461,4,0,-284.2707920341247,-396.2309929992526
MR,60,1.3,ALL,LONG,1,234,-8228.317502685217,-35.16375001147529,228,-1741.3016247709213,-7.637287827942638,231,654.004818811121,2.8311896918230346,693,-9315.614308645016,-13.442444889819647,-10.941975505738377,42.13564213564214,3,1,-10159.000752809485,-9508.754808610936,92,-899.0426596360579,-9.772202822131064,-5.125603350026783,44.565217391304344,4,1,-944.6394715162046,-999.6200121354414
MR,60,1.3,NO_BROAD_070,LONG,1,87,-2678.1056608064296,-30.782823687430223,53,918.1807127430709,17.324164391378694,73,375.1331810237979,5.138810698956135,213,-1384.7917670395598,-6.501369798307793,-4.097806267267291,46.478873239436616,3,2,-1882.5835251549831,-1645.9313711825903,26,-318.9461892315844,-12.267161124291707,-20.978787160711512,34.61538461538461,4,0,-284.27079203412484,-396.2309929992527
MOMENTUM,60,1.75,NO_BROAD_070,LONG,1,36,-1079.8885514415101,-29.996904206708614,20,-1151.5625403630465,-57.57812701815233,25,169.95590798151807,6.798236319260723,81,-2061.4951838230386,-25.450557824975785,-32.93540493691703,30.864197530864196,3,1,-2491.723340727721,-2523.5351641928823,13,-422.5830571780265,-32.506389013694346,-34.35500480818421,30.76923076923077,4,1,-473.1097393505583,-446.4562106305817
MOMENTUM,60,1.75,NO_BROAD_070,LONG,999,38,-1184.341413589928,-31.166879304998105,21,-1277.9596850575567,-60.85522309797889,25,169.95590798151812,6.798236319260725,84,-2292.3451906659666,-27.289823698404366,-33.86069188508951,30.952380952380953,3,1,-2722.573347570649,-2754.3851710358103,14,-442.50795318194724,-31.60771094156766,-30.336872950516774,28.57142857142857,4,1,-493.03463535447906,-466.38110663450254
MOMENTUM,60,1.75,NO_BROAD_070,LONG,3,38,-1184.3414135899284,-31.166879304998115,21,-1277.9596850575565,-60.85522309797888,25,169.95590798151807,6.798236319260723,84,-2292.345190665967,-27.28982369840437,-33.86069188508951,30.952380952380953,3,1,-2722.5733475706493,-2754.385171035811,14,-442.5079531819472,-31.607710941567657,-30.336872950516774,28.57142857142857,4,1,-493.034635354479,-466.38110663450243
MR,60,2.0,ALL,LONG,1,113,-5186.4923304816675,-45.898162216651926,111,-758.2522184327519,-6.831101066961729,110,445.0800149366907,4.046181953969915,334,-5499.664533977728,-16.466061478975234,-13.338488809432574,40.7185628742515,3,1,-6145.555275599895,-5923.607736026199,29,-572.0814456454913,-19.726946401568664,-19.796679059864143,34.48275862068966,4,0,-540.4822669425303,-623.4154710267101
MR,60,1.75,NO_BROAD_070,LONG,1,44,-743.2052528304276,-16.89102847341881,23,505.09755713626015,21.96076335375044,35,185.106462466877,5.2887560704822,102,-53.001233227290186,-0.5196199336008842,-3.83309140778538,46.07843137254902,3,2,-429.3446173409371,-233.89545902804392,4,-22.276840621958385,-5.569210155489596,7.747273860886519,75.0,4,3,-82.7568611424082,-93.97067906992908
MR,60,1.5,ALL,LONG,1,192,-6927.910712019452,-36.08286829176798,180,-1632.380187915866,-9.06877882175481,183,434.21658991818447,2.372768250919041,555,-8126.074310017135,-14.641575333364207,-13.296757441506461,40.54054054054054,3,1,-8787.899675374214,-8418.859894213088,62,-706.4384531091912,-11.394168598535341,-9.134018449116898,38.70967741935484,4,0,-645.0929638764604,-807.9987586143841
MR,60,1.3,NO_BROAD_060,LONG,3,51,-859.9568904504764,-16.86189981275444,22,562.5900651688158,25.57227568949163,41,170.81323735832714,4.166176520934808,114,-126.55358792333357,-1.1101191923099436,-2.686520096672913,45.614035087719294,3,2,-723.2876455381811,-467.6276212669075,12,-182.97288750812436,-15.24774062567703,-20.178477452885353,33.33333333333333,4,0,-174.52442275498333,-260.25769127579264
MR,60,1.3,NO_BROAD_060,LONG,999,51,-859.9568904504762,-16.861899812754434,22,562.5900651688158,25.57227568949163,41,170.81323735832711,4.166176520934807,114,-126.55358792333327,-1.110119192309941,-2.686520096672913,45.614035087719294,3,2,-723.2876455381809,-467.6276212669072,12,-182.97288750812442,-15.247740625677034,-20.178477452885353,33.33333333333333,4,0,-174.5244227549834,-260.2576912757927
MR,60,1.5,NO_BROAD_060,LONG,1,33,-615.2356974952475,-18.64350598470447,12,393.56909668648643,32.79742472387387,26,111.58308960949395,4.291657292672844,71,-110.08351119926695,-1.5504719887220697,-1.5818289676185842,45.07042253521127,3,2,-494.2172929319007,-257.47630991288077,7,-242.12210870090266,-34.588872671557525,-23.93605634128082,14.285714285714285,4,1,-246.4028384951548,-246.4028384951548
MR,60,1.75,NO_BROAD_070,LONG,999,45,-610.0532017282515,-13.556737816183366,23,505.0975571362602,21.960763353750444,35,132.69342892611124,3.7912408264603212,103,27.73778433411989,0.2692988770302902,-3.8749715898435184,45.63106796116505,3,2,-348.605599779527,-153.15644146663385,4,-22.276840621958385,-5.569210155489596,7.747273860886519,75.0,4,3,-82.7568611424082,-93.97067906992908
MR,60,1.75,NO_BROAD_070,LONG,3,45,-610.0532017282518,-13.556737816183373,23,505.09755713626015,21.96076335375044,35,132.69342892611118,3.7912408264603195,103,27.737784334120043,0.2692988770302917,-3.8749715898435184,45.63106796116505,3,2,-348.60559977952687,-153.15644146663368,4,-22.276840621958385,-5.569210155489596,7.747273860886519,75.0,4,3,-82.7568611424082,-93.97067906992908
MOMENTUM,60,2.0,ALL,LONG,1,84,-3688.5555630686868,-43.9113757508177,92,-2053.89331487995,-22.324927335651633,78,210.78306534105263,2.702346991551957,254,-5531.6658126075845,-21.77821186065978,-27.00336727055584,32.677165354330704,3,1,-6208.743224008108,-5917.514820696264,35,-545.552619005927,-15.587217685883628,-16.521226049979727,34.285714285714285,4,0,-456.32212178633563,-600.1547395832415
MR,60,2.0,NO_BROAD_070,LONG,3,28,-673.1445008313847,-24.04087502969231,12,462.03560409984743,38.50296700832062,25,81.27578513789919,3.2510314055159677,65,-129.83311159363797,-1.9974324860559687,-4.666583120387681,43.07692307692308,3,2,-506.17649570728486,-359.66701713943974,2,64.76075031470197,32.38037515735098,32.38037515735098,100.0,2,2,4.280729794252153,4.280729794252153
MR,60,2.0,NO_BROAD_070,LONG,999,28,-673.1445008313847,-24.04087502969231,12,462.03560409984743,38.50296700832062,25,81.27578513789922,3.2510314055159686,65,-129.83311159363788,-1.9974324860559673,-4.666583120387681,43.07692307692308,3,2,-506.17649570728474,-359.6670171394396,2,64.76075031470197,32.38037515735098,32.38037515735098,100.0,2,2,4.280729794252153,4.280729794252153
MR,60,2.0,NO_BROAD_070,LONG,1,28,-673.1445008313847,-24.04087502969231,12,462.03560409984743,38.50296700832062,25,81.27578513789919,3.2510314055159677,65,-129.83311159363797,-1.9974324860559687,-4.666583120387681,43.07692307692308,3,2,-506.17649570728486,-359.66701713943974,2,64.76075031470197,32.38037515735098,32.38037515735098,100.0,2,2,4.280729794252153,4.280729794252153
MOMENTUM,90,1.75,NO_BROAD_070,LONG,3,35,-798.2128454117284,-22.806081297477952,21,-1576.207850329468,-75.05751668235563,23,818.0916750236844,35.56920326189932,79,-1556.3290207175119,-19.70036735085458,-23.968856219378043,36.708860759493675,3,1,-2254.6618113276004,-2081.241178475088,12,-301.48277503097876,-25.123564585914895,-30.842194533231016,25.0,4,1,-396.43216124138195,-390.1721380454053
MOMENTUM,90,1.75,NO_BROAD_070,LONG,1,33,-592.4221017977922,-17.9521849029634,20,-1409.5236391513147,-70.47618195756573,23,818.0916750236844,35.56920326189932,76,-1183.8540659254222,-15.577027183229239,-21.68305288468646,38.15789473684211,3,1,-1882.1868565355107,-1708.7662236829983,11,-283.7614721101575,-25.796497464559774,-30.943164191724343,27.27272727272727,4,1,-378.7108583205607,-372.45083512458405
MOMENTUM,90,1.75,NO_BROAD_070,LONG,999,35,-798.2128454117284,-22.806081297477952,21,-1576.207850329468,-75.05751668235563,23,818.0916750236844,35.56920326189932,79,-1556.3290207175123,-19.700367350854588,-23.968856219378043,36.708860759493675,3,1,-2254.661811327601,-2081.2411784750884,12,-301.48277503097876,-25.123564585914895,-30.842194533231016,25.0,4,1,-396.43216124138195,-390.1721380454053
MOMENTUM,90,1.5,NO_BROAD_070,LONG,1,50,-1527.6556532798807,-30.553113065597614,40,-1082.8832218911014,-27.072080547277533,33,807.7603490041237,24.477586333458294,123,-1802.7785261668578,-14.656735985096404,-19.39724954999488,38.21138211382114,3,1,-2405.5027428074172,-2455.6772342249315,18,-192.86758634032202,-10.714865907795668,-17.90990248739297,38.88888888888889,4,1,-286.95849783269165,-287.27558057415274
MOMENTUM,90,1.5,NO_BROAD_070,LONG,3,56,-1979.0267660355557,-35.33976367920635,42,-1371.8210536172855,-32.6624060385068,34,640.1931610336246,18.82921061863602,132,-2710.654658619217,-20.5352625652971,-24.39736353679958,36.36363636363637,3,1,-3313.3788752597766,-3203.704134698361,20,-224.4590598863829,-11.222952994319146,-15.795736773030441,35.0,4,1,-318.5499713787525,-317.4361959232158
MOMENTUM,90,1.5,NO_BROAD_070,LONG,999,56,-1979.0267660355557,-35.33976367920635,42,-1371.8210536172855,-32.6624060385068,34,640.1931610336245,18.829210618636015,132,-2710.6546586192167,-20.535262565297096,-24.39736353679958,36.36363636363637,3,1,-3313.3788752597766,-3203.7041346983606,20,-224.45905988638287,-11.222952994319144,-15.795736773030441,35.0,4,1,-318.5499713787525,-317.4361959232158
MOMENTUM,90,1.5,NO_BROAD_060,LONG,1,30,-503.37227620543786,-16.779075873514596,17,-779.2115470407459,-45.835973355338,17,282.6018937959432,16.623640811526073,64,-999.9819294502406,-15.62471764766001,-17.90437403826453,37.5,3,1,-1413.0583857736078,-1335.1328100741275,8,-176.82277206689213,-22.102846508361516,-50.30819864810118,25.0,3,1,-195.9558608296187,-265.51213508131866
MR,90,2.0,ALL,LONG,3,120,-4631.957812285221,-38.59964843571017,120,61.46287494434495,0.5121906245362079,135,1117.0980493344812,8.274800365440601,375,-3453.396888006394,-9.20905836801705,-10.321689275818176,44.266666666666666,3,2,-4713.714438564925,-3879.175235296772,33,-681.9872532941902,-20.666280402854248,-5.199664086803683,36.36363636363637,4,0,-660.9310704029251,-752.6965717980246
MOMENTUM,90,1.3,NO_BROAD_070,LONG,1,63,-2260.495576895262,-35.880882172940666,55,-1375.2487936532996,-25.004523520969084,61,725.2180587161724,11.888820634691351,179,-2910.526311832389,-16.259923529789884,-19.073188243292822,39.10614525139665,3,1,-3541.060980522875,-3767.5026736030345,26,-221.3408862529744,-8.513111009729785,-15.671729661565763,34.61538461538461,4,1,-400.090734294312,-364.72861146163757
MR,90,1.3,NO_BROAD_070,LONG,3,91,-2942.7801151445824,-32.33824302356684,55,987.1133913004311,17.947516205462385,70,767.6218322836878,10.966026175481254,216,-1188.0448915604645,-5.500207831298447,-7.019847395515782,44.907407407407405,3,2,-1765.2145372808604,-1619.6949171188187,25,-182.26724576503088,-7.290689830601235,-13.716098404652229,40.0,4,1,-192.82611315320048,-290.07324047991733
MR,90,1.3,NO_BROAD_070,LONG,999,91,-2942.7801151445824,-32.33824302356684,55,987.1133913004311,17.947516205462385,70,767.6218322836878,10.966026175481254,216,-1188.0448915604634,-5.500207831298441,-7.019847395515782,44.907407407407405,3,2,-1765.2145372808593,-1619.6949171188176,25,-182.2672457650309,-7.290689830601236,-13.716098404652229,40.0,4,1,-192.8261131532005,-290.07324047991733
MR,90,1.5,NO_BROAD_060,LONG,1,31,-76.2634797844376,-2.4601122511108904,12,210.34146697244842,17.528455581037367,25,353.48203543991787,14.139281417596715,68,487.5600226279286,7.170000332763657,3.6356958127797725,54.41176470588235,3,2,154.07602773726438,75.63407725790279,7,-121.70024069909958,-17.38574867129994,-2.2064419658377687,42.857142857142854,4,2,-165.0248271353163,-150.38582016676887
MR,90,2.0,ALL,LONG,1,101,-4557.494821751728,-45.123711106452745,100,-8.350507312672988,-0.08350507312672989,103,866.341997261632,8.411087352054679,304,-3699.503331802769,-12.169418854614372,-11.127083312008065,42.43421052631579,3,1,-4799.957847189812,-4009.813028899404,27,-415.9542369496514,-15.405712479616717,-4.251658773025575,40.74074074074074,4,1,-437.86755568991646,-486.6635554534858
MR,90,1.3,ALL,LONG,1,205,-8225.680728653875,-40.12527184709207,197,-69.6839521518504,-0.353725645440865,202,1129.5494045188739,5.59182873524195,604,-7165.815276286852,-11.86393257663386,-10.980024572389423,42.71523178807947,3,1,-8747.497746400792,-7515.422433771041,77,-911.3747498839107,-11.836035712778061,-3.4765832027884294,46.75324675324675,4,1,-1001.8621469538375,-1006.6360158387233
MR,90,1.3,NO_BROAD_060,LONG,3,49,-396.6644483464035,-8.09519282339599,22,319.6803273766702,14.530923971666828,39,455.58869690057617,11.681761458989133,110,378.6045759308428,3.44185978118948,0.9238755488408952,52.72727272727272,3,2,-108.06159653763655,-21.282471292715684,12,-51.27553907668529,-4.272961589723774,-10.628031304616313,41.66666666666667,4,2,-75.55050486950714,-159.0815337915717
MR,90,1.3,NO_BROAD_060,LONG,999,49,-396.6644483464034,-8.095192823395987,22,319.68032737667016,14.530923971666825,39,455.58869690057605,11.68176145898913,110,378.60457593084305,3.4418597811894824,0.9238755488408952,52.72727272727272,3,2,-108.06159653763626,-21.282471292715456,12,-51.27553907668532,-4.272961589723777,-10.628031304616313,41.66666666666667,4,2,-75.55050486950717,-159.08153379157176
MR,90,2.0,ALL,LONG,999,130,-4927.165687721326,-37.90127452093328,144,226.18584436077032,1.570735030283127,147,952.061888357164,6.476611485422884,421,-3748.9179550033923,-8.904793242288342,-9.847659449266953,44.180522565320665,3,2,-5057.970738663059,-4327.445191871661,35,-850.2971058859624,-24.294203025313212,-6.800333889116317,34.285714285714285,4,0,-829.2409229946975,-921.0064243897968
MR,90,1.3,NO_BROAD_070,LONG,1,82,-3011.4646841592275,-36.72517907511253,52,700.0143792709288,13.4618149859794,69,646.2414166779156,9.36581763301327,203,-1665.208888210384,-8.202999449312236,-7.710131226448482,44.33497536945813,3,2,-2167.706557171381,-2096.858913768738,25,-182.26724576503088,-7.290689830601235,-13.716098404652229,40.0,4,1,-192.82611315320048,-290.07324047991733
MR,90,1.3,NO_BROAD_060,LONG,1,41,-435.0002777247059,-10.60976287133429,20,3.632110748850053,0.18160553744250266,38,428.67258475285877,11.280857493496283,99,-2.6955822229972384,-0.027228103262598367,0.7342597564832545,52.52525252525253,3,2,-283.1399023086286,-258.3584945527968,12,-51.27553907668529,-4.272961589723774,-10.628031304616313,41.66666666666667,4,2,-75.55050486950714,-159.0815337915717
MOMENTUM,90,1.3,NO_BROAD_070,LONG,3,72,-2797.7256445949542,-38.857300619374364,60,-1730.4816143920893,-28.841360239868155,64,579.9528240178441,9.061762875278815,196,-3948.2544349692,-20.144155280455102,-24.39736353679958,37.755102040816325,3,1,-4464.985553867875,-4653.2946850886965,29,-162.79386875920392,-5.613581681351859,-13.870170625239636,34.48275862068966,4,1,-431.6822078403729,-306.1815939678671
MOMENTUM,90,1.3,NO_BROAD_070,LONG,999,74,-2828.327003222229,-38.22063517867877,60,-1730.481614392089,-28.841360239868152,64,579.952824017844,9.061762875278813,198,-3978.855793596474,-20.095231280790273,-22.877593110617234,37.37373737373738,3,1,-4495.586912495149,-4683.89604371597,29,-162.79386875920392,-5.613581681351859,-13.870170625239636,34.48275862068966,4,1,-431.68220784037294,-306.1815939678671
MOMENTUM,90,1.3,NO_BROAD_060,LONG,1,38,-839.6994958605716,-22.097355154225568,24,-842.7453890057172,-35.114391208571554,35,382.93995834214934,10.941141666918552,97,-1299.5049265241396,-13.396958005403501,-17.82219899983379,39.175257731958766,3,1,-1733.7570703602207,-1634.6558071480267,13,3.916810804072881,0.301293138774837,-8.663314875475713,30.76923076923077,4,2,-102.36823935938945,-139.4709144045903
MR,90,1.5,NO_BROAD_060,LONG,3,34,192.46341418137587,5.660688652393408,13,320.16783121742066,24.628294709032357,26,237.90830288580116,9.150319341761584,73,750.5395482845976,10.281363675131473,8.74847973782311,56.16438356164384,3,3,417.05555339393334,345.3903286452463,7,-121.70024069909958,-17.38574867129994,-2.2064419658377687,42.857142857142854,4,2,-165.0248271353163,-150.38582016676887
MR,90,1.5,NO_BROAD_060,LONG,999,34,192.46341418137592,5.66068865239341,13,320.1678312174207,24.628294709032364,26,237.90830288580113,9.150319341761582,73,750.5395482845978,10.281363675131477,8.74847973782311,56.16438356164384,3,3,417.05555339393356,345.39032864524654,7,-121.70024069909961,-17.385748671299943,-2.2064419658377687,42.857142857142854,4,2,-165.0248271353163,-150.3858201667689
MR,90,1.3,ALL,LONG,3,246,-8797.630261931008,-35.762724641995966,249,116.26874057180143,0.46694273322008606,259,736.2062451615187,2.8424951550637787,754,-7945.155276197686,-10.537341215116294,-7.696928017211526,44.56233421750663,3,2,-9536.99759978269,-8282.915882828136,89,-1097.6646231584673,-12.333310372567048,-4.271077384967224,44.9438202247191,4,1,-1174.1201608756812,-1192.92588911328
MR,90,1.3,ALL,BOTH,999,335,-2855.638264853427,-8.524293327920677,372,-3824.672392959121,-10.281377400427745,361,769.9204894758335,2.1327437381602037,1068,-5910.390168336715,-5.534073191326512,-1.9243366714739114,49.344569288389515,3,1,-6976.598395298675,-6532.786283464866,180,-2264.203237356351,-12.57890687420195,-9.915462805947907,37.77777777777778,4,1,-2270.53682561395,-2335.8129020424376
MR,90,2.0,NO_BROAD_070,LONG,1,26,-566.7460041887455,-21.797923238028673,12,463.21212231780925,38.60101019315077,24,180.29371836007766,7.512238265003236,62,76.75983648914148,1.2380618788571207,9.77110341510075,54.83870967741935,3,2,-410.41456495746047,-153.95151596103494,2,77.13828448101765,38.569142240508825,38.569142240508825,100.0,2,2,11.027340937529289,11.027340937529289
MR,90,2.0,NO_BROAD_070,LONG,3,26,-566.7460041887455,-21.797923238028673,12,463.21212231780925,38.60101019315077,24,180.29371836007775,7.51223826500324,62,76.75983648914142,1.2380618788571196,9.77110341510075,54.83870967741935,3,2,-410.4145649574605,-153.951515961035,2,77.13828448101765,38.569142240508825,38.569142240508825,100.0,2,2,11.027340937529289,11.027340937529289
MR,90,2.0,NO_BROAD_070,LONG,999,26,-566.7460041887454,-21.797923238028666,12,463.21212231780925,38.60101019315077,24,180.29371836007772,7.512238265003238,62,76.75983648914148,1.2380618788571207,9.77110341510075,54.83870967741935,3,2,-410.41456495746047,-153.95151596103494,2,77.13828448101765,38.569142240508825,38.569142240508825,100.0,2,2,11.027340937529289,11.027340937529289
MOMENTUM,90,1.3,NO_BROAD_060,LONG,3,41,-1071.7048185267936,-26.13914191528765,25,-886.3163421913616,-35.45265368765447,36,215.37277037165032,5.9825769547680645,102,-1742.6483903465055,-17.084788140652016,-18.536556905162016,37.254901960784316,3,1,-2064.8024279632577,-2077.7992709703926,14,-9.953359821166757,-0.7109542729404826,-11.266742750357675,28.57142857142857,4,2,-116.23840998462909,-153.34108502982997
MOMENTUM,90,1.3,NO_BROAD_060,LONG,999,42,-1093.029739412384,-26.024517605056765,25,-886.3163421913617,-35.45265368765447,36,215.37277037165023,5.982576954768062,103,-1763.9733112320955,-17.12595447798151,-18.96561377981716,36.89320388349515,3,1,-2086.1273488488478,-2099.1241918559826,14,-9.95335982116677,-0.7109542729404836,-11.266742750357675,28.57142857142857,4,2,-116.23840998462909,-153.34108502982997
MOMENTUM,90,1.75,ALL,LONG,1,101,-4943.038312916498,-48.94097339521286,117,-1783.7107349790047,-15.245390897256451,100,404.24988563172275,4.042498856317227,318,-6322.499162263781,-19.882072837307486,-24.96457472310685,36.477987421383645,3,1,-6992.842884300384,-6657.650042887668,46,-790.6163633849593,-17.187312247499115,-19.040723306163645,34.78260869565217,4,0,-774.3724532783751,-878.8860952326836
MOMENTUM,90,1.5,NO_BROAD_060,LONG,999,32,-647.176302657819,-20.224259458056842,17,-779.211547040746,-45.835973355338005,18,115.03470582544423,6.390816990302458,67,-1311.3531438731204,-19.5724349831809,-18.107500030506873,35.82089552238806,3,1,-1724.4296001964876,-1646.5040244970073,9,-190.69294269213174,-21.188104743570193,-48.3813607983173,22.22222222222222,3,1,-195.9558608296187,-279.38230570655827
MOMENTUM,90,1.5,NO_BROAD_060,LONG,3,32,-647.176302657819,-20.224259458056842,17,-779.2115470407459,-45.835973355338,18,115.03470582544429,6.3908169903024605,67,-1311.3531438731206,-19.572434983180905,-18.107500030506873,35.82089552238806,3,1,-1724.4296001964879,-1646.5040244970078,9,-190.69294269213174,-21.188104743570193,-48.3813607983173,22.22222222222222,3,1,-195.9558608296187,-279.38230570655827
MR,90,1.75,NO_BROAD_060,LONG,1,23,-60.27446316062068,-2.620628833070464,10,255.99429051938733,25.599429051938735,17,107.81810793392735,6.342241643172197,50,303.5379352926941,6.070758705853882,0.9978586359712782,54.0,3,2,37.116014759216114,90.11890358843362,3,-17.08976807281833,-5.69658935760611,11.027340937529281,66.66666666666666,3,2,-55.97143197001059,-55.97143197001059
MR,90,1.3,ALL,LONG,999,258,-9163.645187238148,-35.518004601698244,282,-50.48502250327971,-0.17902490249389968,285,452.3646463327568,1.5872443730973924,825,-8761.76556340867,-10.620321895040812,-8.996654006515111,44.36363636363637,3,1,-10379.659490773096,-9132.037533655819,98,-1392.2605171118598,-14.206739970529181,-4.945820735722064,42.857142857142854,4,1,-1468.7160548290738,-1487.5217830666725
MR,120,1.3,ALL,LONG,1,183,-9130.439760307776,-49.89311344430479,174,1375.2876993366563,7.903952295038255,185,2484.577798189993,13.430150260486448,542,-5270.574262781127,-9.724306757898757,-7.894535641913725,44.83394833948339,3,2,-7308.0720250121285,-5587.258071413846,70,-879.2429159298165,-12.560613084711663,-10.981000039163924,47.14285714285714,4,1,-1084.3828594301117,-1033.0020347170112
MR,120,1.3,ALL,LONG,3,210,-11003.121602050047,-52.39581715261927,208,532.5413121542391,2.5602947699723035,235,2676.31105417677,11.388557677347958,653,-7794.269235719038,-11.936093775986276,-6.619422551586446,45.94180704441042,3,2,-9822.13066429722,-8112.793440027659,80,-915.8654101608774,-11.448317627010969,-8.312552992997727,47.5,4,1,-1164.7838609178748,-1069.624528948072
MR,120,1.3,NO_BROAD_060,LONG,1,40,-1011.6607953993226,-25.291519884983067,20,265.64219650372274,13.282109825186136,38,855.8240699614018,22.521686051615838,98,109.80547106580218,1.1204639904673692,3.058197038393164,55.10204081632652,3,2,-626.3662679955177,-318.2368935940252,12,39.53184095727036,3.2943200797725303,4.563761995548676,66.66666666666666,4,2,-31.694874755729202,-73.0521885860353
MR,120,1.3,NO_BROAD_060,LONG,3,48,-1095.9284947845636,-22.831843641345074,22,583.4592760980227,26.520876186273757,39,853.619816320378,21.88768759795841,109,341.1505976338376,3.129821996640712,3.384278222075878,55.04587155963303,3,2,-603.1180748563389,-86.8917670259898,12,39.53184095727036,3.2943200797725303,4.563761995548676,66.66666666666666,4,2,-31.694874755729202,-73.0521885860353
MR,120,1.3,NO_BROAD_060,LONG,999,48,-1095.9284947845636,-22.831843641345074,22,583.4592760980227,26.520876186273757,39,853.6198163203782,21.887687597958415,109,341.15059763383755,3.1298219966407115,3.384278222075878,55.04587155963303,3,2,-603.1180748563388,-86.89176702598985,12,39.53184095727035,3.294320079772529,4.563761995548676,66.66666666666666,4,2,-31.694874755729217,-73.05218858603531
MOMENTUM,120,1.75,NO_BROAD_070,LONG,3,34,-1112.552857562812,-32.72214286949447,20,-2098.3147810184173,-104.91573905092086,22,526.9324900575157,23.951476820796167,76,-2683.9351485237144,-35.31493616478571,-50.913817169529565,31.57894736842105,3,1,-3110.4838435478105,-3119.0759191627335,12,-234.40177953353296,-19.533481627794412,-26.372095779801032,33.33333333333333,4,1,-423.56057251709433,-341.2252656177256
MOMENTUM,120,1.75,NO_BROAD_070,LONG,1,32,-861.6607875800278,-26.926899611875868,19,-1754.3976295709597,-92.33671734583999,22,526.9324900575157,23.951476820796167,73,-2089.125927093472,-28.61816338484208,-50.56009319451834,31.506849315068493,3,1,-2515.674622117568,-2524.266697732491,11,-215.55948369526178,-19.596316699569254,-33.901895721330874,36.36363636363637,4,1,-404.71827667882314,-322.3829697794544
MOMENTUM,120,1.75,NO_BROAD_070,LONG,999,34,-1112.5528575628123,-32.722142869494476,20,-2098.3147810184173,-104.91573905092086,22,526.9324900575156,23.951476820796163,76,-2683.9351485237144,-35.31493616478571,-50.913817169529565,31.57894736842105,3,1,-3110.4838435478105,-3119.0759191627335,12,-234.40177953353296,-19.533481627794412,-26.372095779801032,33.33333333333333,4,1,-423.56057251709433,-341.2252656177256
MR,120,1.3,ALL,LONG,999,217,-11304.557622392898,-52.09473558706405,233,862.2640485931614,3.700704071215285,253,1860.0558122051348,7.3519992577278055,703,-8582.237761594602,-12.20801957552575,-6.665522154224238,45.66145092460882,3,2,-10866.363353323923,-8911.834021365967,89,-970.7564318206975,-10.907375638434804,-10.916617702784741,48.31460674157304,4,1,-1219.674882577695,-1124.5155506078922
MR,120,1.5,ALL,LONG,1,150,-7952.732120934011,-53.01821413956007,141,1196.839288215248,8.488221902235802,148,1480.4442171732844,10.003001467387056,439,-5275.448615545478,-12.016967233588788,-11.873740646950544,42.8246013667426,3,2,-7044.816703968772,-5548.1270861323355,52,-458.5541962437885,-8.818349927765164,4.400467839380278,51.92307692307693,4,1,-524.2383016751689,-612.3133150309832
MOMENTUM,120,1.3,NO_BROAD_070,LONG,1,60,-2262.490769710109,-37.70817949516848,50,-1276.9831223339474,-25.53966244667895,58,829.3644777834992,14.299387547991365,168,-2710.1094142605575,-16.13160365631284,-23.032728997795832,40.476190476190474,3,1,-3600.6828278708376,-3585.9094255926466,24,-66.64957363701694,-2.7770655682090393,-13.826389078572856,41.66666666666667,4,1,-344.91947431024255,-281.0672305816171
MOMENTUM,120,1.3,NO_BROAD_070,LONG,3,69,-2636.999092278156,-38.21737814895878,53,-1753.4333652280598,-33.08364840052943,60,781.8069937809254,13.030116563015422,182,-3608.6254637252914,-19.82761243805105,-23.898380859704414,37.91208791208791,3,1,-4489.873928495622,-4381.183608252521,27,89.04614158785986,3.29800524399481,-17.636380713103854,40.74074074074074,4,1,-381.39815086161775,-125.3715153567403
MOMENTUM,120,1.3,NO_BROAD_070,LONG,999,71,-2710.9391968840564,-38.182242209634595,53,-1753.4333652280598,-33.08364840052943,60,781.8069937809254,13.030116563015422,184,-3682.5655683311916,-20.01394330614778,-24.70536334901013,37.5,3,1,-4563.814033101522,-4455.123712858421,27,89.04614158785986,3.29800524399481,-17.636380713103854,40.74074074074074,4,1,-381.39815086161775,-125.3715153567403
MOMENTUM,120,1.5,NO_BROAD_070,LONG,1,48,-1647.8698072608543,-34.33062098460113,37,-1101.4890128871405,-29.769973321274065,32,500.9745272872483,15.65545397772651,117,-2248.384292860747,-19.21695976804057,-26.441677575091198,38.46153846153847,3,1,-2735.7511739526144,-2799.8170784373456,16,118.08768086697273,7.380480054185796,-0.7098316418939632,50.0,4,1,-281.78838924087296,-96.32997607762744
MR,120,1.3,NO_BROAD_070,LONG,999,87,-3691.9016007549685,-42.43565058339044,52,1112.4394459627438,21.393066268514303,67,805.211948141921,12.018088778237626,206,-1774.250206650304,-8.612865080826719,-6.355951362450147,45.63106796116505,3,2,-2670.510008173047,-2166.0397544951084,25,56.0457413533543,2.2418296541341722,3.3575619815914344,52.0,4,2,-86.90564738732915,-88.55075798713038
MR,120,1.3,NO_BROAD_070,LONG,3,87,-3691.901600754969,-42.43565058339045,52,1112.439445962744,21.393066268514307,67,805.211948141921,12.018088778237626,206,-1774.2502066503039,-8.612865080826717,-6.355951362450147,45.63106796116505,3,2,-2670.510008173047,-2166.039754495108,25,56.04574135335433,2.241829654134173,3.3575619815914344,52.0,4,2,-86.90564738732913,-88.55075798713035
MR,120,1.5,NO_BROAD_060,LONG,1,30,-498.35238416360465,-16.61174613878682,12,459.9505236068517,38.32921030057097,25,392.3170799004085,15.69268319601634,67,353.9152193436556,5.282316706621725,2.7321158547104503,56.71641791044776,3,2,-321.53828100986107,45.84731140850596,7,-97.25909688737727,-13.894156698196753,3.9026715206571367,57.14285714285714,4,2,-120.23981148511427,-120.23981148511427
MR,120,1.3,NO_BROAD_070,LONG,1,77,-3667.087300837774,-47.62451040049057,49,843.9231258854657,17.222920936438076,67,725.0742201642754,10.822003286033961,193,-2098.0899547880335,-10.870932408228153,-6.601285827416831,45.07772020725388,3,2,-2786.25282288192,-2489.8795026328376,25,56.04574135335433,2.241829654134173,3.3575619815914344,52.0,4,2,-86.90564738732913,-88.55075798713035
MOMENTUM,120,1.5,NO_BROAD_070,LONG,3,53,-1884.9064976759437,-35.56427354105554,39,-1588.6337136854115,-40.734197786805424,32,417.7899518840894,13.055935996377794,124,-3055.750259477266,-24.64314725384892,-33.63561434233243,35.483870967741936,3,1,-3399.88959121832,-3515.777174817208,18,81.6090043155977,4.533833573088761,-13.203214131583959,44.44444444444444,4,1,-318.267065792248,-132.80865262900247
MOMENTUM,120,1.5,NO_BROAD_070,LONG,999,53,-1884.9064976759437,-35.56427354105554,39,-1588.6337136854115,-40.734197786805424,32,417.7899518840893,13.05593599637779,124,-3055.7502594772664,-24.643147253848923,-33.63561434233243,35.483870967741936,3,1,-3399.8895912183207,-3515.777174817208,18,81.60900431559767,4.53383357308876,-13.203214131583959,44.44444444444444,4,1,-318.2670657922481,-132.8086526290025
MR,120,1.5,NO_BROAD_060,LONG,999,33,-387.5988514552554,-11.745419741068345,13,569.6706697722952,43.82082075171502,26,300.4592397769722,11.556124606806623,72,482.5310580940121,6.7018202513057235,5.04820739704606,58.333333333333336,3,2,-192.92244225950458,217.70457216919613,7,-97.25909688737725,-13.89415669819675,3.9026715206571367,57.14285714285714,4,2,-120.23981148511426,-120.23981148511426
MR,120,1.5,NO_BROAD_060,LONG,3,33,-387.59885145525544,-11.745419741068346,13,569.6706697722951,43.82082075171501,26,300.4592397769722,11.556124606806623,72,482.53105809401194,6.701820251305722,5.04820739704606,58.333333333333336,3,2,-192.92244225950475,217.70457216919596,7,-97.25909688737727,-13.894156698196753,3.9026715206571367,57.14285714285714,4,2,-120.23981148511427,-120.23981148511427
MR,120,1.5,ALL,LONG,3,173,-9076.62839609938,-52.46606009306,177,700.2769311078638,3.9563668424173097,192,829.4677175872071,4.32014436243337,542,-7546.8837474043075,-13.924139755358501,-9.218733394400026,44.464944649446494,3,2,-8853.27250416134,-8005.304579521565,60,-673.6419972491143,-11.227366620818572,-8.102538155380868,48.333333333333336,4,1,-761.8632755571922,-827.401116036309
MR,120,2.0,ALL,LONG,1,93,-5550.944443694955,-59.68757466338661,92,1029.5841084900862,11.191131614022677,98,606.6216959483804,6.190017305595719,283,-3914.738639256488,-13.832998725287943,-12.135394418576592,43.46289752650176,3,2,-4945.508353057205,-4060.1345185846226,26,-250.27372686439583,-9.625912571707532,-11.252175094895348,46.15384615384615,4,1,-268.7561288383607,-319.1491491893536
MR,120,1.75,ALL,LONG,1,129,-6815.304900272578,-52.83182093234557,110,1705.2990667612041,15.50271878873822,121,633.7857875239441,5.2378990704458195,360,-4476.220045987431,-12.43394457218731,-13.017327933503507,41.11111111111111,3,2,-5626.171162291434,-4920.407953568353,37,-118.1639703195829,-3.1936208194481863,8.767635311964053,54.054054054054056,4,1,-188.18406312803657,-271.9230891067776
MOMENTUM,120,1.75,ALL,LONG,1,92,-4950.432625933474,-53.80905028188558,107,-1666.3864603975662,-15.573705237360432,90,540.1511392222617,6.001679324691796,289,-6076.667947108778,-21.02653268895771,-29.90572678985351,34.2560553633218,3,1,-6672.8894178681985,-6452.156238607361,42,-641.6131117370371,-15.276502660405646,-10.66603376582787,40.476190476190474,4,1,-821.8688561001185,-785.653231969336
MOMENTUM,120,1.3,NO_BROAD_060,LONG,1,38,-1190.1459673922882,-31.319630720849688,23,-745.7195580426634,-32.422589480115796,35,254.90550882564744,7.2830145378756415,96,-1680.9600166093041,-17.510000173013584,-22.959766040820792,35.41666666666667,3,1,-2276.114635809473,-2056.448308107887,13,24.941667525846512,1.918589809680501,-16.401568668058257,46.15384615384615,4,2,-114.47365312397831,-95.17054503939666
MR,120,2.0,NO_BROAD_070,LONG,3,25,-703.6066376413906,-28.144265505655625,12,784.3047913150899,65.35873260959083,24,174.14739032928946,7.256141263720394,61,254.84554400298887,4.177795803327687,1.9242573202892537,52.459016393442624,3,2,-191.90807968459714,41.4972378321832,2,155.46567449287545,77.73283724643773,77.73283724643773,100.0,2,2,22.980714597737006,22.980714597737006
MR,120,2.0,NO_BROAD_070,LONG,999,25,-703.6066376413906,-28.144265505655625,12,784.30479131509,65.35873260959083,24,174.1473903292894,7.256141263720392,61,254.8455440029889,4.177795803327687,1.9242573202892537,52.459016393442624,3,2,-191.9080796845971,41.49723783218323,2,155.46567449287545,77.73283724643773,77.73283724643773,100.0,2,2,22.980714597737006,22.980714597737006
MR,120,2.0,NO_BROAD_070,LONG,1,25,-703.6066376413906,-28.144265505655625,12,784.3047913150899,65.35873260959083,24,174.14739032928946,7.256141263720394,61,254.84554400298882,4.177795803327686,1.9242573202892537,52.459016393442624,3,2,-191.9080796845972,41.497237832183146,2,155.46567449287545,77.73283724643773,77.73283724643773,100.0,2,2,22.980714597737006,22.980714597737006
MR,120,1.75,NO_BROAD_070,LONG,1,39,-849.3558312412237,-21.778354647210865,22,995.2817819515022,45.24008099779556,33,212.66247737747142,6.444317496287013,94,358.58842808775,3.8147705115718087,-0.4504042108760018,50.0,3,2,-88.16519559983601,91.89612340735846,4,125.62243661550042,31.405609153875105,27.32535063520008,75.0,4,3,-6.862523279638026,-38.53250995230118
MR,120,1.3,ALL,BOTH,3,271,-5073.893491667134,-18.72285421279385,278,-845.4946562230157,-3.041347684255452,292,631.1714861915489,2.161546185587496,841,-5288.2166616986015,-6.288010299284901,-1.1204571206061384,49.34601664684899,3,1,-6203.380180058189,-5922.422959201824,133,-1581.1934457461196,-11.888672524406914,-7.079644032098358,45.86466165413533,4,0,-1565.7924380554102,-1764.1313880677405
MR,120,2.0,ALL,LONG,3,105,-6391.8109468550265,-60.87438997004787,108,307.1189816599383,2.8436942746290583,125,406.4195921161792,3.251356736929434,338,-5678.2723730789085,-16.7996224055589,-13.043733409418014,42.30769230769231,3,2,-6818.447656696737,-5855.908535746053,32,-553.2191406823553,-17.288098146323602,-12.203014971622517,40.625,4,0,-535.6754484821781,-646.7328778839528
MR,120,1.75,NO_BROAD_070,LONG,3,40,-721.2577826393091,-18.031444565982728,22,995.2817819515022,45.24008099779556,33,166.77974713011247,5.053931731215529,95,440.8037464423057,4.6400394362347965,0.47883645753658755,50.526315789473685,3,2,-5.949877245280334,174.11144176191414,4,125.62243661550042,31.405609153875105,27.32535063520008,75.0,4,3,-6.862523279638026,-38.53250995230118
MR,120,1.75,NO_BROAD_070,LONG,999,40,-721.2577826393091,-18.031444565982728,22,995.2817819515024,45.24008099779556,33,166.77974713011236,5.053931731215526,95,440.8037464423059,4.640039436234799,0.47883645753658755,50.526315789473685,3,2,-5.949877245280106,174.11144176191436,4,125.62243661550042,31.405609153875105,27.32535063520008,75.0,4,3,-6.862523279638026,-38.53250995230118
MOMENTUM,120,1.3,NO_BROAD_060,LONG,999,42,-1347.0257726808406,-32.07204220668668,24,-783.3601611726581,-32.64000671552742,35,171.7209334224885,4.906312383499672,101,-1958.6650004310102,-19.392722776544655,-27.070370615805842,32.67326732673268,3,1,-2470.63504422802,-2334.153291929593,14,7.305286812742622,0.5218062009101873,-17.018974690581054,42.857142857142854,4,1,-132.1100338370822,-112.80692575250055
MOMENTUM,120,1.3,NO_BROAD_060,LONG,3,41,-1313.3255297519831,-32.03232999395081,24,-783.3601611726581,-32.64000671552742,35,171.7209334224885,4.906312383499672,100,-1924.9647575021531,-19.24964757502153,-26.907225119511654,33.0,3,1,-2436.934801299163,-2300.453049000736,14,7.305286812742665,0.5218062009101904,-17.018974690581054,42.857142857142854,4,1,-132.11003383708214,-112.8069257525005
MOMENTUM,120,2.0,ALL,LONG,999,84,-5855.556732430623,-69.70900871941218,115,-1400.9222920568382,-12.181932974407289,100,328.7055801115867,3.287055801115867,299,-6927.7734443758745,-23.169810850755432,-32.18499959938681,35.45150501672241,3,1,-8117.344882951247,-6983.626910946856,46,-965.237672723916,-20.98342766791122,-14.131796225841477,41.30434782608695,4,0,-856.2689156188992,-1096.698152974076
MR,120,1.75,NO_BROAD_060,LONG,1,22,-300.9465678696118,-13.679389448618718,10,601.3358328187041,60.133583281870415,17,89.92319851569079,5.289599912687693,49,390.3124634647831,7.965560478873124,2.5841551574874657,57.14285714285714,3,2,-173.06572205722654,65.3922183493313,3,-6.862523279638026,-2.287507759879342,22.980714597737006,66.66666666666666,3,2,-38.53250995230118,-38.53250995230118
MR,120,1.5,NO_BROAD_060,BOTH,1,53,-521.6404562149928,-9.842272758773449,27,929.8031495101122,34.437153685559714,39,159.01326620221298,4.077263235954179,119,567.1759594973327,4.766184533591031,9.770456471809993,57.98319327731093,3,2,-74.6055246895038,103.50437630411801,15,-263.5875942394045,-17.572506282626968,-6.43793616993155,46.666666666666664,4,1,-372.0831689427992,-304.859022322017
MR,120,1.5,NO_BROAD_070,LONG,1,55,-1405.2232465528,-25.54951357368727,28,593.9381427403952,21.212076526442683,50,186.88860706537145,3.737772141307429,133,-624.3964967470337,-4.694710501857396,-1.3796448792885911,49.62406015037594,3,2,-1168.0664541841668,-896.6748588267151,16,141.41111061898803,8.838194413686752,8.853439405043833,62.5,4,3,-40.567092498368424,-3.1853887214966505
MR,120,1.5,NO_BROAD_060,BOTH,999,57,-411.9898312483293,-7.227891776286479,28,1039.5232956755556,37.1258319884127,41,155.67510501312665,3.796953780807967,126,783.208569440353,6.215941027304389,10.36048841994927,58.730158730158735,3,2,141.42708525351657,201.86346376740346,16,-273.6336663241904,-17.1021041452619,-8.242004127358703,43.75,4,1,-382.1292410275851,-314.9050944068029
MR,120,1.5,NO_BROAD_060,BOTH,3,57,-411.98983124832955,-7.227891776286484,28,1039.5232956755556,37.1258319884127,41,155.67510501312663,3.7969537808079665,126,783.2085694403529,6.215941027304388,10.36048841994927,58.730158730158735,3,2,141.42708525351645,201.86346376740335,16,-273.6336663241904,-17.1021041452619,-8.242004127358703,43.75,4,1,-382.1292410275851,-314.9050944068029
MR,120,1.5,NO_BROAD_070,LONG,999,59,-1315.6590227407858,-22.29930547018281,30,685.4421936945548,22.848073123151828,51,157.1288806720172,3.0809584445493567,140,-473.08794837421414,-3.379199631244387,-0.4504042108760018,50.0,3,2,-1016.7579058113472,-745.3663104538956,16,141.411110618988,8.83819441368675,8.853439405043833,62.5,4,3,-40.56709249836848,-3.185388721496679
MR,120,1.5,NO_BROAD_070,LONG,3,59,-1315.6590227407858,-22.29930547018281,30,685.4421936945546,22.84807312315182,51,157.12888067201715,3.080958444549356,140,-473.08794837421397,-3.3791996312443855,-0.4504042108760018,50.0,3,2,-1016.7579058113471,-745.3663104538955,16,141.41111061898803,8.838194413686752,8.853439405043833,62.5,4,3,-40.567092498368424,-3.1853887214966505
