time,price,quantity,direction
2026-07-13T18:42:10.513977+00:00,94.3,8,1
2026-07-13T18:42:12.878033+00:00,94.3,44,1
2026-07-13T18:42:12.878577+00:00,94.3,32,1
2026-07-13T18:42:12.879012+00:00,94.3,19,1
2026-07-13T18:42:12.879687+00:00,94.3,5,1
2026-07-13T18:42:13.287030+00:00,94.3,14,1
2026-07-13T18:42:14.326026+00:00,94.3,100,1
2026-07-13T18:42:15.089925+00:00,94.3,74,1
2026-07-13T18:42:15.609729+00:00,94.3,100,1
2026-07-13T18:42:20.034612+00:00,94.29,64,2
2026-07-13T18:42:20.035633+00:00,94.29,242,2
2026-07-13T18:42:20.039286+00:00,94.29,158,2
2026-07-13T18:42:20.040506+00:00,94.29,70,2
2026-07-13T18:42:20.040937+00:00,94.29,100,2
2026-07-13T18:42:20.041810+00:00,94.29,146,2
2026-07-13T18:42:20.043418+00:00,94.29,54,2
2026-07-13T18:42:20.044222+00:00,94.28,166,2
2026-07-13T18:42:20.240438+00:00,94.3,23,1
2026-07-13T18:42:20.241107+00:00,94.3,77,1
2026-07-13T18:42:21.679228+00:00,94.29,70,2
2026-07-13T18:42:21.680191+00:00,94.29,32,2
2026-07-13T18:42:21.685144+00:00,94.29,88,2
2026-07-13T18:42:30.609758+00:00,94.3,100,1
2026-07-13T18:42:33.586911+00:00,94.3,1,2
2026-07-13T18:42:43.699514+00:00,94.31,5,1
2026-07-13T18:42:59.073022+00:00,94.31,48,1
2026-07-13T18:42:59.171837+00:00,94.31,5,1
2026-07-13T18:43:04.858974+00:00,94.31,1,1
2026-07-13T18:43:05.090298+00:00,94.31,10,1
2026-07-13T18:43:10.916752+00:00,94.31,1,1
2026-07-13T18:43:13.166207+00:00,94.31,30,1
2026-07-13T18:43:13.166977+00:00,94.32,71,1
2026-07-13T18:43:13.167336+00:00,94.33,56,1
2026-07-13T18:43:13.167758+00:00,94.33,147,1
2026-07-13T18:43:13.168291+00:00,94.34,52,1
2026-07-13T18:43:13.168680+00:00,94.34,44,1
2026-07-13T18:43:14.719130+00:00,94.33,1,1
2026-07-13T18:43:17.937060+00:00,94.32,2,2
2026-07-13T18:43:18.571073+00:00,94.32,1,2
2026-07-13T18:43:19.978734+00:00,94.32,10,2
2026-07-13T18:43:20.199924+00:00,94.33,59,1
2026-07-13T18:43:20.200497+00:00,94.33,31,1
2026-07-13T18:43:20.439929+00:00,94.32,240,2
2026-07-13T18:43:20.442655+00:00,94.32,157,2
2026-07-13T18:43:20.442957+00:00,94.3,8,2
2026-07-13T18:43:20.443342+00:00,94.29,47,2
2026-07-13T18:43:20.443712+00:00,94.29,45,2
2026-07-13T18:43:23.508975+00:00,94.29,3,2
2026-07-13T18:43:35.612217+00:00,94.3,1,1
2026-07-13T18:43:39.893175+00:00,94.3,3,1
2026-07-13T18:43:41.623331+00:00,94.3,85,1
2026-07-13T18:43:43.787146+00:00,94.29,10,2
2026-07-13T18:43:44.041133+00:00,94.29,10,2
2026-07-13T18:43:51.040477+00:00,94.29,1,2
2026-07-13T18:43:53.459303+00:00,94.29,1,2
2026-07-13T18:43:53.460086+00:00,94.29,1,2
2026-07-13T18:43:59.193607+00:00,94.28,1,2
2026-07-13T18:43:59.196326+00:00,94.28,11,2
2026-07-13T18:43:59.330079+00:00,94.28,4,2
2026-07-13T18:43:59.552433+00:00,94.28,2,2
2026-07-13T18:44:01.825917+00:00,94.29,20,1
2026-07-13T18:44:01.826605+00:00,94.29,35,1
2026-07-13T18:44:01.989506+00:00,94.29,1,1
2026-07-13T18:44:05.980954+00:00,94.28,1,1
2026-07-13T18:44:14.570551+00:00,94.26,1,2
2026-07-13T18:44:20.343116+00:00,94.27,62,1
2026-07-13T18:44:20.347515+00:00,94.28,124,1
2026-07-13T18:44:23.898055+00:00,94.26,335,2
2026-07-13T18:44:28.297393+00:00,94.27,1,1
2026-07-13T18:44:33.424626+00:00,94.26,2,2
2026-07-13T18:44:33.776559+00:00,94.27,60,1
2026-07-13T18:44:33.782008+00:00,94.27,167,1
2026-07-13T18:44:33.782521+00:00,94.27,86,1
2026-07-13T18:44:33.783046+00:00,94.28,37,1
2026-07-13T18:44:33.887778+00:00,94.26,4,2
2026-07-13T18:44:36.417790+00:00,94.25,1,2
2026-07-13T18:44:36.423109+00:00,94.25,3,2
2026-07-13T18:44:36.423700+00:00,94.25,1,2
2026-07-13T18:44:36.424222+00:00,94.25,513,2
2026-07-13T18:44:36.424933+00:00,94.25,52,2
2026-07-13T18:44:36.425411+00:00,94.25,70,2
2026-07-13T18:44:36.425807+00:00,94.25,63,2
2026-07-13T18:44:36.426075+00:00,94.25,32,2
2026-07-13T18:44:36.426405+00:00,94.24,3,2
2026-07-13T18:44:36.428838+00:00,94.24,3,2
2026-07-13T18:44:36.430858+00:00,94.24,4,2
2026-07-13T18:44:36.433005+00:00,94.24,4,2
2026-07-13T18:44:36.433442+00:00,94.24,3,2
2026-07-13T18:44:36.435471+00:00,94.24,52,2
2026-07-13T18:44:36.435866+00:00,94.24,96,2
2026-07-13T18:44:39.899131+00:00,94.24,6,2
2026-07-13T18:44:42.272728+00:00,94.24,80,2
2026-07-13T18:44:42.273924+00:00,94.24,18,2
2026-07-13T18:44:42.277914+00:00,94.23,243,2
2026-07-13T18:44:44.457042+00:00,94.25,21,1
2026-07-13T18:44:50.099108+00:00,94.24,100,2
2026-07-13T18:44:50.099759+00:00,94.24,76,2
2026-07-13T18:44:50.102551+00:00,94.24,7,2
2026-07-13T18:44:50.103004+00:00,94.24,34,2
2026-07-13T18:44:50.103651+00:00,94.24,238,2
2026-07-13T18:44:50.104107+00:00,94.23,52,2
2026-07-13T18:44:50.104611+00:00,94.23,20,2
2026-07-13T18:44:50.105016+00:00,94.23,173,2
2026-07-13T18:44:58.820875+00:00,94.23,8,2
2026-07-13T18:44:58.824969+00:00,94.22,52,2
2026-07-13T18:44:58.825692+00:00,94.22,240,2
2026-07-13T18:44:59.993774+00:00,94.22,30,2
2026-07-13T18:44:59.994173+00:00,94.22,52,2
2026-07-13T18:44:59.999758+00:00,94.21,6,2
2026-07-13T18:45:00.362303+00:00,94.24,70,1
2026-07-13T18:45:00.366856+00:00,94.24,59,1
2026-07-13T18:45:00.367286+00:00,94.24,32,1
2026-07-13T18:45:00.368268+00:00,94.24,1,1
2026-07-13T18:45:00.369013+00:00,94.25,838,1
2026-07-13T18:45:10.622351+00:00,94.24,1,2
2026-07-13T18:45:11.000678+00:00,94.25,2,1
2026-07-13T18:45:15.960725+00:00,94.24,15,2
2026-07-13T18:45:18.581103+00:00,94.24,5,2
2026-07-13T18:45:18.588119+00:00,94.24,3,2
2026-07-13T18:45:19.981959+00:00,94.25,100,1
2026-07-13T18:45:25.484204+00:00,94.24,1,2
2026-07-13T18:45:25.755940+00:00,94.25,39,1
2026-07-13T18:45:25.756375+00:00,94.25,54,1
2026-07-13T18:45:25.763081+00:00,94.25,2,1
2026-07-13T18:45:25.763726+00:00,94.25,5,1
2026-07-13T18:45:31.064138+00:00,94.25,2,2
2026-07-13T18:45:31.718355+00:00,94.25,98,2
2026-07-13T18:45:31.719054+00:00,94.25,52,2
2026-07-13T18:45:31.723173+00:00,94.25,70,2
2026-07-13T18:45:31.723927+00:00,94.25,280,2
2026-07-13T18:45:32.476766+00:00,94.25,10,2
2026-07-13T18:45:33.255115+00:00,94.25,100,2
2026-07-13T18:45:39.480793+00:00,94.26,1,1
2026-07-13T18:45:48.615984+00:00,94.25,1,2
2026-07-13T18:45:48.622929+00:00,94.25,1,2
2026-07-13T18:45:51.188709+00:00,94.25,7,2
2026-07-13T18:45:56.239054+00:00,94.25,1,2
2026-07-13T18:45:57.175314+00:00,94.26,7,1
2026-07-13T18:45:57.176093+00:00,94.26,3,1
2026-07-13T18:45:58.713204+00:00,94.26,22,1
2026-07-13T18:46:08.194727+00:00,94.25,1,2
2026-07-13T18:46:08.198398+00:00,94.24,42,2
2026-07-13T18:46:08.200368+00:00,94.24,3,2
2026-07-13T18:46:08.200845+00:00,94.23,38,2
2026-07-13T18:46:08.201317+00:00,94.23,16,2
2026-07-13T18:46:10.591620+00:00,94.25,32,1
2026-07-13T18:46:10.592139+00:00,94.25,53,1
2026-07-13T18:46:18.031139+00:00,94.26,2,1
2026-07-13T18:46:19.337147+00:00,94.25,15,2
2026-07-13T18:46:19.686313+00:00,94.25,1,1
2026-07-13T18:46:25.170528+00:00,94.24,2,2
2026-07-13T18:46:26.373003+00:00,94.24,6,2
2026-07-13T18:46:27.711569+00:00,94.24,10,2
2026-07-13T18:46:31.889674+00:00,94.24,2,2
2026-07-13T18:46:31.890367+00:00,94.23,297,2
2026-07-13T18:46:34.020190+00:00,94.23,20,2
2026-07-13T18:46:39.683759+00:00,94.24,2,1
2026-07-13T18:46:39.688299+00:00,94.24,28,1
2026-07-13T18:46:40.806927+00:00,94.24,1,1
2026-07-13T18:46:40.838497+00:00,94.24,22,1
2026-07-13T18:46:40.839006+00:00,94.24,50,1
2026-07-13T18:46:40.844838+00:00,94.25,34,1
2026-07-13T18:46:43.439463+00:00,94.23,1,2
2026-07-13T18:46:57.950910+00:00,94.25,9,1
2026-07-13T18:46:58.224092+00:00,94.24,2,2
2026-07-13T18:47:02.286892+00:00,94.24,6,2
2026-07-13T18:47:02.542717+00:00,94.24,13,2
2026-07-13T18:47:02.543173+00:00,94.24,100,2
2026-07-13T18:47:02.545126+00:00,94.24,37,2
2026-07-13T18:47:03.345053+00:00,94.24,3,2
2026-07-13T18:47:06.458305+00:00,94.24,1,2
2026-07-13T18:47:12.872704+00:00,94.24,171,2
2026-07-13T18:47:12.873221+00:00,94.24,32,2
2026-07-13T18:47:12.877704+00:00,94.24,52,2
2026-07-13T18:47:12.878572+00:00,94.24,41,2
2026-07-13T18:47:12.878970+00:00,94.24,144,2
2026-07-13T18:47:17.048174+00:00,94.24,22,1
2026-07-13T18:47:18.291023+00:00,94.24,2,1
2026-07-13T18:47:18.328853+00:00,94.24,191,1
2026-07-13T18:47:18.373913+00:00,94.24,4,1
2026-07-13T18:47:18.948885+00:00,94.25,200,1
2026-07-13T18:47:19.271733+00:00,94.25,241,1
2026-07-13T18:47:19.272330+00:00,94.25,1,1
2026-07-13T18:47:24.083616+00:00,94.25,372,2
2026-07-13T18:47:29.110189+00:00,94.26,11,1
2026-07-13T18:47:41.671875+00:00,94.26,50,1
2026-07-13T18:47:41.778931+00:00,94.26,297,1
2026-07-13T18:47:41.787372+00:00,94.26,74,1
2026-07-13T18:47:41.789781+00:00,94.26,53,1
2026-07-13T18:47:41.828893+00:00,94.26,15,1
2026-07-13T18:47:47.031515+00:00,94.27,1,1
2026-07-13T18:47:47.040379+00:00,94.27,49,1
2026-07-13T18:47:47.040865+00:00,94.28,100,1
2026-07-13T18:47:48.006348+00:00,94.28,1,1
2026-07-13T18:47:51.240610+00:00,94.28,100,1
2026-07-13T18:47:53.923661+00:00,94.28,494,1
2026-07-13T18:47:54.034342+00:00,94.28,176,1
2026-07-13T18:47:54.088582+00:00,94.28,53,1
2026-07-13T18:47:54.093164+00:00,94.28,39,1
2026-07-13T18:47:54.099905+00:00,94.28,48,2
2026-07-13T18:47:55.373132+00:00,94.29,72,1
2026-07-13T18:47:55.570201+00:00,94.29,23,1
2026-07-13T18:47:55.670670+00:00,94.29,23,1
2026-07-13T18:47:55.770648+00:00,94.29,23,1
2026-07-13T18:47:59.021583+00:00,94.29,15,1
2026-07-13T18:48:01.122639+00:00,94.29,10,1
2026-07-13T18:48:02.300830+00:00,94.29,1,1
2026-07-13T18:48:03.977105+00:00,94.29,458,1
2026-07-13T18:48:15.988216+00:00,94.29,35,1
2026-07-13T18:48:19.552252+00:00,94.28,12,2
2026-07-13T18:48:19.555366+00:00,94.29,85,1
2026-07-13T18:48:24.537563+00:00,94.3,20,2
2026-07-13T18:48:30.023300+00:00,94.31,1,1
2026-07-13T18:48:33.400598+00:00,94.3,1,2
2026-07-13T18:48:34.154484+00:00,94.31,1,1
2026-07-13T18:48:37.916161+00:00,94.31,15,1
2026-07-13T18:48:39.123169+00:00,94.31,1,1
2026-07-13T18:48:41.632374+00:00,94.31,250,1
2026-07-13T18:48:42.830744+00:00,94.31,100,1
2026-07-13T18:48:42.831810+00:00,94.31,100,1
2026-07-13T18:48:42.832382+00:00,94.31,100,1
2026-07-13T18:48:42.832881+00:00,94.31,100,1
2026-07-13T18:48:42.835848+00:00,94.31,96,1
2026-07-13T18:48:42.836340+00:00,94.31,100,1
2026-07-13T18:48:42.837007+00:00,94.31,100,1
2026-07-13T18:48:42.837605+00:00,94.31,36,1
2026-07-13T18:48:42.838032+00:00,94.34,41,1
2026-07-13T18:48:48.772388+00:00,94.36,1,1
2026-07-13T18:48:48.772875+00:00,94.36,25,1
2026-07-13T18:48:55.643201+00:00,94.35,1,2
2026-07-13T18:48:57.020502+00:00,94.36,20,1
2026-07-13T18:49:02.136668+00:00,94.37,1,2
2026-07-13T18:49:02.543277+00:00,94.38,44,1
2026-07-13T18:49:02.545334+00:00,94.38,20,1
2026-07-13T18:49:02.547442+00:00,94.38,232,1
2026-07-13T18:49:02.548059+00:00,94.39,1,1
2026-07-13T18:49:02.549022+00:00,94.39,203,1
2026-07-13T18:49:03.395048+00:00,94.4,1,1
2026-07-13T18:49:09.027949+00:00,94.4,1,1
2026-07-13T18:49:17.154039+00:00,94.39,30,2
2026-07-13T18:49:18.071252+00:00,94.4,18,1
2026-07-13T18:49:18.072362+00:00,94.4,1,1
2026-07-13T18:49:34.230910+00:00,94.4,1,1
2026-07-13T18:49:36.116871+00:00,94.4,1,1
2026-07-13T18:49:36.920979+00:00,94.39,60,2
2026-07-13T18:49:36.983752+00:00,94.39,18,2
2026-07-13T18:49:41.526542+00:00,94.39,32,2
2026-07-13T18:49:44.640537+00:00,94.39,1,1
2026-07-13T18:49:57.889621+00:00,94.39,69,1
2026-07-13T18:50:04.038645+00:00,94.39,18,1
2026-07-13T18:50:05.968013+00:00,94.39,1,1
2026-07-13T18:50:06.027118+00:00,94.38,1,2
2026-07-13T18:50:10.197929+00:00,94.38,3,2
2026-07-13T18:50:31.079979+00:00,94.39,10,1
2026-07-13T18:50:33.545544+00:00,94.39,50,1
2026-07-13T18:50:38.399894+00:00,94.39,1,1
2026-07-13T18:50:39.623967+00:00,94.39,2,1
2026-07-13T18:50:41.891042+00:00,94.39,1,1
2026-07-13T18:50:48.620158+00:00,94.39,5,1
2026-07-13T18:50:49.464002+00:00,94.38,525,2
2026-07-13T18:50:52.761285+00:00,94.39,2,1
2026-07-13T18:50:54.534215+00:00,94.39,1,1
2026-07-13T18:51:06.147392+00:00,94.39,1,1
2026-07-13T18:51:12.246399+00:00,94.39,6,1
2026-07-13T18:51:12.247086+00:00,94.39,230,1
2026-07-13T18:51:12.249428+00:00,94.39,149,1
2026-07-13T18:51:12.250276+00:00,94.39,38,1
2026-07-13T18:51:12.254664+00:00,94.39,33,1
2026-07-13T18:51:12.255429+00:00,94.39,44,1
2026-07-13T18:51:18.007425+00:00,94.39,10,2
2026-07-13T18:51:18.011587+00:00,94.39,1,2
2026-07-13T18:51:18.012217+00:00,94.38,1,2
2026-07-13T18:51:18.012604+00:00,94.38,113,2
2026-07-13T18:51:18.013137+00:00,94.38,52,2
2026-07-13T18:51:20.398321+00:00,94.38,3,1
2026-07-13T18:51:25.751560+00:00,94.38,320,1
2026-07-13T18:51:25.752050+00:00,94.38,47,1
2026-07-13T18:51:25.756276+00:00,94.38,37,1
2026-07-13T18:51:25.756679+00:00,94.38,125,1
2026-07-13T18:51:27.490706+00:00,94.38,7,1
2026-07-13T18:51:31.957220+00:00,94.38,4,1
2026-07-13T18:51:47.860370+00:00,94.37,10,2
2026-07-13T18:51:59.677272+00:00,94.38,1,1
2026-07-13T18:52:05.850369+00:00,94.37,110,2
2026-07-13T18:52:09.019779+00:00,94.37,20,2
2026-07-13T18:52:09.549151+00:00,94.38,1,1
2026-07-13T18:52:13.020864+00:00,94.37,270,2
2026-07-13T18:52:13.324756+00:00,94.37,25,2
2026-07-13T18:52:20.484887+00:00,94.37,6,2
2026-07-13T18:52:26.861317+00:00,94.37,5,2
2026-07-13T18:52:30.194828+00:00,94.37,10,2
2026-07-13T18:52:30.665996+00:00,94.37,1,2
2026-07-13T18:52:36.417351+00:00,94.37,5,2
2026-07-13T18:52:36.482591+00:00,94.37,11,2
2026-07-13T18:52:39.093324+00:00,94.37,41,2
2026-07-13T18:52:39.100366+00:00,94.37,33,2
2026-07-13T18:52:39.128581+00:00,94.37,191,2
2026-07-13T18:52:39.189061+00:00,94.37,74,2
2026-07-13T18:52:39.230591+00:00,94.37,1,2
2026-07-13T18:52:42.936749+00:00,94.37,1,1
2026-07-13T18:52:47.504715+00:00,94.37,1,1
2026-07-13T18:52:48.349266+00:00,94.36,1,2
2026-07-13T18:52:52.216644+00:00,94.37,1,1
2026-07-13T18:53:03.564670+00:00,94.36,1,2
2026-07-13T18:53:07.785495+00:00,94.36,100,2
2026-07-13T18:53:37.864992+00:00,94.37,1,1
2026-07-13T18:53:41.336171+00:00,94.36,10,2
2026-07-13T18:53:49.393092+00:00,94.36,1,2
2026-07-13T18:53:49.634295+00:00,94.36,367,2
2026-07-13T18:53:49.634912+00:00,94.36,52,2
2026-07-13T18:53:49.637564+00:00,94.36,30,2
2026-07-13T18:53:49.638163+00:00,94.35,52,2
2026-07-13T18:53:49.638604+00:00,94.34,52,2
2026-07-13T18:53:49.639100+00:00,94.34,660,2
2026-07-13T18:53:49.639619+00:00,94.34,660,2
2026-07-13T18:53:49.640303+00:00,94.34,125,2
2026-07-13T18:53:49.643154+00:00,94.33,52,2
2026-07-13T18:53:49.643662+00:00,94.33,180,2
2026-07-13T18:53:49.643959+00:00,94.33,660,2
2026-07-13T18:53:49.646563+00:00,94.33,513,2
2026-07-13T18:53:49.647024+00:00,94.33,300,2
2026-07-13T18:53:49.647552+00:00,94.33,211,2
2026-07-13T18:53:49.648220+00:00,94.32,100,2
2026-07-13T18:53:49.648693+00:00,94.32,102,2
2026-07-13T18:53:49.649039+00:00,94.32,52,2
2026-07-13T18:53:49.649466+00:00,94.32,180,2
2026-07-13T18:53:49.649848+00:00,94.31,500,2
2026-07-13T18:53:49.650293+00:00,94.31,102,2
2026-07-13T18:53:49.650716+00:00,94.3,50,2
2026-07-13T18:53:52.152806+00:00,94.32,409,2
2026-07-13T18:53:52.975797+00:00,94.32,10,2
2026-07-13T18:53:53.193027+00:00,94.32,74,2
2026-07-13T18:53:53.230435+00:00,94.32,20,2
2026-07-13T18:53:53.234029+00:00,94.31,70,1
2026-07-13T18:53:53.245616+00:00,94.31,32,1
2026-07-13T18:53:53.249335+00:00,94.31,32,1
2026-07-13T18:53:53.249915+00:00,94.32,100,1
2026-07-13T18:53:53.251678+00:00,94.32,70,1
2026-07-13T18:53:53.257806+00:00,94.32,32,1
2026-07-13T18:53:53.657752+00:00,94.29,52,2
2026-07-13T18:53:53.662723+00:00,94.28,3,2
2026-07-13T18:53:53.663650+00:00,94.28,52,2
2026-07-13T18:53:53.665280+00:00,94.28,6,2
2026-07-13T18:53:56.162341+00:00,94.28,9,1
2026-07-13T18:53:59.414847+00:00,94.27,6,2
2026-07-13T18:53:59.420754+00:00,94.27,44,2
2026-07-13T18:54:02.531068+00:00,94.29,1,1
2026-07-13T18:54:03.979726+00:00,94.26,82,2
2026-07-13T18:54:03.980413+00:00,94.26,52,2
2026-07-13T18:54:03.983078+00:00,94.25,20,2
2026-07-13T18:54:03.984186+00:00,94.25,19,2
2026-07-13T18:54:04.809683+00:00,94.26,1,1
2026-07-13T18:54:14.400945+00:00,94.25,1,2
2026-07-13T18:54:15.074101+00:00,94.27,32,1
2026-07-13T18:54:15.079376+00:00,94.27,15,1
2026-07-13T18:54:16.543746+00:00,94.27,2,1
2026-07-13T18:54:16.548851+00:00,94.27,8,1
2026-07-13T18:54:21.201844+00:00,94.25,32,2
2026-07-13T18:54:21.202436+00:00,94.25,70,2
2026-07-13T18:54:24.621601+00:00,94.25,10,1
2026-07-13T18:54:36.029936+00:00,94.25,21,1
2026-07-13T18:54:36.089718+00:00,94.25,74,1
2026-07-13T18:54:36.095631+00:00,94.25,74,1
2026-07-13T18:54:36.096074+00:00,94.25,19,1
2026-07-13T18:54:36.096584+00:00,94.25,15,1
2026-07-13T18:54:41.209148+00:00,94.31,5,1
2026-07-13T18:54:45.103726+00:00,94.32,31,1
2026-07-13T18:54:45.104167+00:00,94.32,18,1
2026-07-13T18:55:13.020669+00:00,94.33,2,1
2026-07-13T18:55:26.937740+00:00,94.31,11,2
2026-07-13T18:55:27.169563+00:00,94.31,10,2
2026-07-13T18:55:30.732955+00:00,94.32,7,1
2026-07-13T18:55:32.220743+00:00,94.31,96,2
2026-07-13T18:55:32.224992+00:00,94.29,15,2
2026-07-13T18:55:32.225750+00:00,94.29,180,2
2026-07-13T18:55:32.226386+00:00,94.28,14,2
2026-07-13T18:55:32.226972+00:00,94.28,660,2
2026-07-13T18:55:32.227358+00:00,94.28,35,2
2026-07-13T18:55:32.997180+00:00,94.3,5,1
2026-07-13T18:55:33.165599+00:00,94.28,1,2
2026-07-13T18:55:45.847528+00:00,94.28,149,2
2026-07-13T18:55:45.854663+00:00,94.28,32,2
2026-07-13T18:55:45.855705+00:00,94.28,52,2
2026-07-13T18:55:45.857369+00:00,94.28,136,2
2026-07-13T18:55:45.857804+00:00,94.28,37,2
2026-07-13T18:55:45.858646+00:00,94.27,594,2
2026-07-13T18:55:48.173874+00:00,94.3,3,1
2026-07-13T18:55:57.302699+00:00,94.28,9,2
2026-07-13T18:55:57.303227+00:00,94.28,150,2
2026-07-13T18:55:57.308721+00:00,94.28,32,2
2026-07-13T18:55:57.309211+00:00,94.28,33,2
2026-07-13T18:55:57.309676+00:00,94.28,70,2
2026-07-13T18:55:57.310343+00:00,94.27,660,2
2026-07-13T18:55:57.311092+00:00,94.27,52,2
2026-07-13T18:55:57.311985+00:00,94.27,294,2
2026-07-13T18:55:57.666834+00:00,94.29,2,1
2026-07-13T18:56:00.359784+00:00,94.27,5,1
2026-07-13T18:56:02.944212+00:00,94.26,23,2
2026-07-13T18:56:02.948808+00:00,94.26,100,2
2026-07-13T18:56:02.949329+00:00,94.25,212,2
2026-07-13T18:56:02.949821+00:00,94.25,29,2
2026-07-13T18:56:02.950231+00:00,94.25,52,2
2026-07-13T18:56:02.950665+00:00,94.25,134,2
2026-07-13T18:56:02.951063+00:00,94.25,212,2
2026-07-13T18:56:02.951558+00:00,94.25,212,2
2026-07-13T18:56:02.951894+00:00,94.25,32,2
2026-07-13T18:56:02.952210+00:00,94.25,84,2
2026-07-13T18:56:31.602870+00:00,94.25,1,1
2026-07-13T18:56:31.606935+00:00,94.26,14,1
2026-07-13T18:56:32.506103+00:00,94.24,60,2
2026-07-13T18:56:33.180701+00:00,94.23,1,2
2026-07-13T18:56:44.545800+00:00,94.26,1,1
2026-07-13T18:56:45.570144+00:00,94.24,10,2
2026-07-13T18:56:50.506737+00:00,94.24,10,2
2026-07-13T18:57:06.603983+00:00,94.3,3,1
2026-07-13T18:57:11.678193+00:00,94.3,1,1
2026-07-13T18:57:12.193963+00:00,94.3,2,1
2026-07-13T18:57:24.332046+00:00,94.29,32,2
2026-07-13T18:57:33.982047+00:00,94.28,10,2
2026-07-13T18:57:40.097947+00:00,94.28,10,2
2026-07-13T18:57:47.228341+00:00,94.28,22,2
2026-07-13T18:57:52.783079+00:00,94.28,5,1
2026-07-13T18:57:55.590794+00:00,94.27,52,2
2026-07-13T18:57:55.596480+00:00,94.27,98,2
2026-07-13T18:57:56.486056+00:00,94.28,189,1
2026-07-13T18:57:56.493147+00:00,94.29,28,1
2026-07-13T18:57:56.493850+00:00,94.31,32,1
2026-07-13T18:57:56.494365+00:00,94.31,2,1
2026-07-13T18:58:05.550527+00:00,94.29,2,2
2026-07-13T18:58:11.334230+00:00,94.29,48,2
2026-07-13T18:58:11.334615+00:00,94.29,32,2
2026-07-13T18:58:11.337125+00:00,94.28,120,2
2026-07-13T18:58:11.600848+00:00,94.28,1,2
2026-07-13T18:58:11.648600+00:00,94.3,21,1
2026-07-13T18:58:15.423349+00:00,94.31,5,1
2026-07-13T18:58:23.406921+00:00,94.3,1,1
2026-07-13T18:58:24.294161+00:00,94.31,1,1
2026-07-13T18:58:44.779121+00:00,94.31,3,1
2026-07-13T18:58:58.586471+00:00,94.3,32,1
2026-07-13T18:58:58.591464+00:00,94.3,18,1
2026-07-13T18:59:01.389779+00:00,94.3,20,1
2026-07-13T18:59:07.549431+00:00,94.31,1,1
2026-07-13T18:59:17.177018+00:00,94.32,1,1
2026-07-13T18:59:25.372796+00:00,94.32,50,1
2026-07-13T18:59:35.997829+00:00,94.32,9,2
2026-07-13T18:59:48.701629+00:00,94.31,1,2
2026-07-13T18:59:48.911526+00:00,94.33,50,1
2026-07-13T18:59:48.917198+00:00,94.33,85,1
2026-07-13T18:59:48.917790+00:00,94.34,9,1
2026-07-13T18:59:48.918321+00:00,94.34,25,1
2026-07-13T18:59:48.918706+00:00,94.34,32,1
2026-07-13T18:59:48.919177+00:00,94.35,3,1
2026-07-13T18:59:48.919579+00:00,94.35,29,1
2026-07-13T18:59:57.659331+00:00,94.36,20,1
2026-07-13T18:59:57.659789+00:00,94.37,1,1
2026-07-13T18:59:57.662733+00:00,94.37,70,1
2026-07-13T18:59:57.663247+00:00,94.38,5,1
2026-07-13T18:59:57.663652+00:00,94.38,125,1
2026-07-13T18:59:57.664081+00:00,94.38,70,1
2026-07-13T18:59:57.664450+00:00,94.38,9,1
2026-07-13T18:59:57.960844+00:00,94.35,1,2
2026-07-13T18:59:58.465872+00:00,94.35,137,2
2026-07-13T18:59:59.092700+00:00,94.35,1,2
2026-07-13T19:00:05.306732+00:00,94.37,15,1
2026-07-13T19:00:09.424367+00:00,94.37,1,1
2026-07-13T19:00:10.133467+00:00,94.37,10,1
2026-07-13T19:00:13.350788+00:00,94.36,1,2
2026-07-13T19:00:13.559732+00:00,94.37,3,1
2026-07-13T19:00:17.658496+00:00,94.37,111,1
2026-07-13T19:00:17.664596+00:00,94.37,122,1
2026-07-13T19:00:17.665317+00:00,94.37,219,1
2026-07-13T19:00:17.665697+00:00,94.37,52,1
2026-07-13T19:00:17.666125+00:00,94.38,25,1
2026-07-13T19:00:17.666645+00:00,94.38,70,1
2026-07-13T19:00:17.667253+00:00,94.38,52,1
2026-07-13T19:00:17.667704+00:00,94.38,32,1
2026-07-13T19:00:17.668089+00:00,94.39,52,1
2026-07-13T19:00:17.668865+00:00,94.39,70,1
2026-07-13T19:00:17.669284+00:00,94.39,25,1
2026-07-13T19:00:17.669635+00:00,94.39,125,1
2026-07-13T19:00:17.670057+00:00,94.39,45,1
2026-07-13T19:00:30.367546+00:00,94.38,1,1
2026-07-13T19:00:44.843803+00:00,94.36,1,2
2026-07-13T19:00:44.844701+00:00,94.36,1,2
2026-07-13T19:01:12.053419+00:00,94.39,83,1
2026-07-13T19:01:12.054757+00:00,94.39,10,1
2026-07-13T19:01:13.919995+00:00,94.39,1,1
2026-07-13T19:01:14.306700+00:00,94.39,20,1
2026-07-13T19:01:14.465870+00:00,94.36,45,2
2026-07-13T19:01:15.658511+00:00,94.38,2,2
2026-07-13T19:01:23.835966+00:00,94.39,218,1
2026-07-13T19:01:23.840288+00:00,94.39,23,1
2026-07-13T19:01:23.840827+00:00,94.4,5,1
2026-07-13T19:01:23.841409+00:00,94.4,70,1
2026-07-13T19:01:23.841802+00:00,94.4,32,1
2026-07-13T19:01:23.842682+00:00,94.4,52,1
2026-07-13T19:01:23.843295+00:00,94.4,23,1
2026-07-13T19:01:23.843702+00:00,94.41,1,1
2026-07-13T19:01:23.844193+00:00,94.41,52,1
2026-07-13T19:01:23.844561+00:00,94.41,70,1
